dt,c,ma
2012-02-01D00:00:00.000000000,1.57555,
2012-02-01D00:15:00.000000000,1.57621,
2012-02-01D00:30:00.000000000,1.57612,
2012-02-01D00:45:00.000000000,1.57569,
2012-02-01D01:00:00.000000000,1.57607,
2012-02-01D01:15:00.000000000,1.57592,1.575925
2012-02-01D01:30:00.000000000,1.5756,1.575817
2012-02-01D01:45:00.000000000,1.57565,1.575761
2012-02-01D02:00:00.000000000,1.57603,1.575851
2012-02-01D02:15:00.000000000,1.57613,1.575944
2012-02-01D02:30:00.000000000,1.57562,1.575836
2012-02-01D02:45:00.000000000,1.57544,1.575704
2012-02-01D03:00:00.000000000,1.57544,1.575616
2012-02-01D03:15:00.000000000,1.57582,1.575684
2012-02-01D03:30:00.000000000,1.57569,1.575686
2012-02-01D03:45:00.000000000,1.57553,1.575634
2012-02-01D04:00:00.000000000,1.57564,1.575636
2012-02-01D04:15:00.000000000,1.57577,1.575681
2012-02-01D04:30:00.000000000,1.57568,1.57568
2012-02-01D04:45:00.000000000,1.5754,1.575587
2012-02-01D05:00:00.000000000,1.57537,1.575515
2012-02-01D05:15:00.000000000,1.57493,1.57532
2012-02-01D05:30:00.000000000,1.57497,1.575203
2012-02-01D05:45:00.000000000,1.57484,1.575082
2012-02-01D06:00:00.000000000,1.57502,1.575061
2012-02-01D06:15:00.000000000,1.57374,1.574621
2012-02-01D06:30:00.000000000,1.57413,1.574457
2012-02-01D06:45:00.000000000,1.57297,1.573962
2012-02-01D07:00:00.000000000,1.57248,1.573468
2012-02-01D07:15:00.000000000,1.57147,1.572802
2012-02-01D07:30:00.000000000,1.572,1.572535
2012-02-01D07:45:00.000000000,1.57267,1.57258
2012-02-01D08:00:00.000000000,1.5734,1.572853
2012-02-01D08:15:00.000000000,1.57379,1.573165
2012-02-01D08:30:00.000000000,1.57455,1.573627
2012-02-01D08:45:00.000000000,1.5751,1.574118
2012-02-01D09:00:00.000000000,1.57774,1.575325
2012-02-01D09:15:00.000000000,1.57841,1.576354
2012-02-01D09:30:00.000000000,1.57798,1.576896
2012-02-01D09:45:00.000000000,1.5759,1.576564
2012-02-01D10:00:00.000000000,1.57499,1.576039
2012-02-01D10:15:00.000000000,1.57545,1.575843
2012-02-01D10:30:00.000000000,1.57534,1.575675
2012-02-01D10:45:00.000000000,1.57579,1.575713
2012-02-01D11:00:00.000000000,1.57589,1.575772
2012-02-01D11:15:00.000000000,1.57517,1.575572
2012-02-01D11:30:00.000000000,1.57773,1.576291
2012-02-01D11:45:00.000000000,1.57824,1.576941
2012-02-01D12:00:00.000000000,1.57784,1.57724
2012-02-01D12:15:00.000000000,1.57964,1.57804
2012-02-01D12:30:00.000000000,1.58514,1.580407
2012-02-01D12:45:00.000000000,1.58527,1.582028
2012-02-01D13:00:00.000000000,1.58492,1.582992
2012-02-01D13:15:00.000000000,1.58441,1.583465
2012-02-01D13:30:00.000000000,1.58427,1.583733
2012-02-01D13:45:00.000000000,1.58358,1.583682
2012-02-01D14:00:00.000000000,1.58285,1.583405
2012-02-01D14:15:00.000000000,1.58373,1.583513
2012-02-01D14:30:00.000000000,1.58307,1.583365
2012-02-01D14:45:00.000000000,1.58396,1.583564
2012-02-01D15:00:00.000000000,1.58462,1.583916
2012-02-01D15:15:00.000000000,1.58509,1.584307
2012-02-01D15:30:00.000000000,1.5849,1.584505
2012-02-01D15:45:00.000000000,1.58578,1.58493
2012-02-01D16:00:00.000000000,1.58681,1.585557
2012-02-01D16:15:00.000000000,1.58475,1.585288
2012-02-01D16:30:00.000000000,1.5854,1.585325
2012-02-01D16:45:00.000000000,1.58516,1.58527
2012-02-01D17:00:00.000000000,1.58535,1.585297
2012-02-01D17:15:00.000000000,1.58495,1.585181
2012-02-01D17:30:00.000000000,1.58438,1.584914
2012-02-01D17:45:00.000000000,1.58455,1.584793
2012-02-01D18:00:00.000000000,1.5851,1.584895
2012-02-01D18:15:00.000000000,1.58423,1.584673
2012-02-01D18:30:00.000000000,1.58364,1.584329
2012-02-01D18:45:00.000000000,1.58409,1.584249
2012-02-01D19:00:00.000000000,1.58352,1.584006
2012-02-01D19:15:00.000000000,1.5834,1.583804
2012-02-01D19:30:00.000000000,1.5832,1.583603
2012-02-01D19:45:00.000000000,1.58333,1.583512
2012-02-01D20:00:00.000000000,1.58363,1.583551
2012-02-01D20:15:00.000000000,1.58269,1.583264
2012-02-01D20:30:00.000000000,1.58302,1.583183
2012-02-01D20:45:00.000000000,1.58274,1.583035
2012-02-01D21:00:00.000000000,1.58286,1.582977
2012-02-01D21:15:00.000000000,1.58314,1.583031
2012-02-01D21:30:00.000000000,1.58354,1.583201
2012-02-01D21:45:00.000000000,1.58326,1.583221
2012-02-01D22:00:00.000000000,1.58411,1.583517
2012-02-01D22:15:00.000000000,1.584,1.583678
2012-02-01D22:30:00.000000000,1.58411,1.583822
2012-02-01D22:45:00.000000000,1.5844,1.584015
2012-02-01D23:00:00.000000000,1.58389,1.583973
2012-02-01D23:15:00.000000000,1.58447,1.584139
2012-02-01D23:30:00.000000000,1.58409,1.584122
2012-02-01D23:45:00.000000000,1.58449,1.584245
2012-02-02D00:00:00.000000000,1.58453,1.58434
2012-02-02D00:15:00.000000000,1.58407,1.58425
2012-02-02D00:30:00.000000000,1.58518,1.58456
2012-02-02D00:45:00.000000000,1.58506,1.584727
2012-02-02D01:00:00.000000000,1.58549,1.584981
2012-02-02D01:15:00.000000000,1.58574,1.585234
2012-02-02D01:30:00.000000000,1.58499,1.585153
2012-02-02D01:45:00.000000000,1.58507,1.585125
2012-02-02D02:00:00.000000000,1.58467,1.584973
2012-02-02D02:15:00.000000000,1.58519,1.585046
2012-02-02D02:30:00.000000000,1.58497,1.58502
2012-02-02D02:45:00.000000000,1.58488,1.584974
2012-02-02D03:00:00.000000000,1.58541,1.585119
2012-02-02D03:15:00.000000000,1.58523,1.585156
2012-02-02D03:30:00.000000000,1.58529,1.585201
2012-02-02D03:45:00.000000000,1.58527,1.585224
2012-02-02D04:00:00.000000000,1.58493,1.585126
2012-02-02D04:15:00.000000000,1.58497,1.585074
2012-02-02D04:30:00.000000000,1.58449,1.584879
2012-02-02D04:45:00.000000000,1.58437,1.58471
2012-02-02D05:00:00.000000000,1.58432,1.58458
2012-02-02D05:15:00.000000000,1.58432,1.584493
2012-02-02D05:30:00.000000000,1.58401,1.584332
2012-02-02D05:45:00.000000000,1.58434,1.584335
2012-02-02D06:00:00.000000000,1.58432,1.58433
2012-02-02D06:15:00.000000000,1.58506,1.584573
2012-02-02D06:30:00.000000000,1.58444,1.584529
2012-02-02D06:45:00.000000000,1.58467,1.584576
2012-02-02D07:00:00.000000000,1.58351,1.584221
2012-02-02D07:15:00.000000000,1.58442,1.584287
2012-02-02D07:30:00.000000000,1.58391,1.584161
2012-02-02D07:45:00.000000000,1.58362,1.583981
2012-02-02D08:00:00.000000000,1.58227,1.583411
2012-02-02D08:15:00.000000000,1.58264,1.583154
2012-02-02D08:30:00.000000000,1.58406,1.583456
2012-02-02D08:45:00.000000000,1.58357,1.583494
2012-02-02D09:00:00.000000000,1.58201,1.582999
2012-02-02D09:15:00.000000000,1.58226,1.582753
2012-02-02D09:30:00.000000000,1.58407,1.583192
2012-02-02D09:45:00.000000000,1.58307,1.583151
2012-02-02D10:00:00.000000000,1.58331,1.583204
2012-02-02D10:15:00.000000000,1.58326,1.583223
2012-02-02D10:30:00.000000000,1.58331,1.583252
2012-02-02D10:45:00.000000000,1.58259,1.583031
2012-02-02D11:00:00.000000000,1.58189,1.582651
2012-02-02D11:15:00.000000000,1.5829,1.582734
2012-02-02D11:30:00.000000000,1.5835,1.582989
2012-02-02D11:45:00.000000000,1.58302,1.583
2012-02-02D12:00:00.000000000,1.58219,1.58273
2012-02-02D12:15:00.000000000,1.58211,1.582523
2012-02-02D12:30:00.000000000,1.58214,1.582395
2012-02-02D12:45:00.000000000,1.58279,1.582527
2012-02-02D13:00:00.000000000,1.58185,1.582301
2012-02-02D13:15:00.000000000,1.58159,1.582064
2012-02-02D13:30:00.000000000,1.58288,1.582336
2012-02-02D13:45:00.000000000,1.58198,1.582217
2012-02-02D14:00:00.000000000,1.58192,1.582118
2012-02-02D14:15:00.000000000,1.58208,1.582106
2012-02-02D14:30:00.000000000,1.58129,1.581834
2012-02-02D14:45:00.000000000,1.58166,1.581776
2012-02-02D15:00:00.000000000,1.5814,1.581651
2012-02-02D15:15:00.000000000,1.58029,1.581197
2012-02-02D15:30:00.000000000,1.58094,1.581111
2012-02-02D15:45:00.000000000,1.58183,1.581351
2012-02-02D16:00:00.000000000,1.58343,1.582044
2012-02-02D16:15:00.000000000,1.58362,1.582569
2012-02-02D16:30:00.000000000,1.58255,1.582563
2012-02-02D16:45:00.000000000,1.58131,1.582145
2012-02-02D17:00:00.000000000,1.58025,1.581513
2012-02-02D17:15:00.000000000,1.58002,1.581016
2012-02-02D17:30:00.000000000,1.58003,1.580687
2012-02-02D17:45:00.000000000,1.58094,1.580771
2012-02-02D18:00:00.000000000,1.58027,1.580604
2012-02-02D18:15:00.000000000,1.58023,1.58048
2012-02-02D18:30:00.000000000,1.58033,1.58043
2012-02-02D18:45:00.000000000,1.58,1.580286
2012-02-02D19:00:00.000000000,1.5807,1.580424
2012-02-02D19:15:00.000000000,1.58015,1.580333
2012-02-02D19:30:00.000000000,1.5799,1.580189
2012-02-02D19:45:00.000000000,1.58015,1.580176
2012-02-02D20:00:00.000000000,1.58053,1.580294
2012-02-02D20:15:00.000000000,1.58071,1.580433
2012-02-02D20:30:00.000000000,1.58074,1.580535
2012-02-02D20:45:00.000000000,1.58018,1.580417
2012-02-02D21:00:00.000000000,1.5804,1.580411
2012-02-02D21:15:00.000000000,1.58071,1.580511
2012-02-02D21:30:00.000000000,1.58066,1.58056
2012-02-02D21:45:00.000000000,1.58043,1.580517
2012-02-02D22:00:00.000000000,1.58027,1.580435
2012-02-02D22:15:00.000000000,1.58025,1.580373
2012-02-02D22:30:00.000000000,1.5804,1.580382
2012-02-02D22:45:00.000000000,1.58066,1.580475
2012-02-02D23:00:00.000000000,1.58036,1.580436
2012-02-02D23:15:00.000000000,1.58021,1.580361
2012-02-02D23:30:00.000000000,1.58029,1.580337
2012-02-02D23:45:00.000000000,1.58022,1.580298
2012-02-03D00:00:00.000000000,1.58037,1.580322
2012-02-03D00:15:00.000000000,1.58045,1.580365
2012-02-03D00:30:00.000000000,1.58026,1.58033
2012-02-03D00:45:00.000000000,1.58008,1.580247
2012-02-03D01:00:00.000000000,1.57888,1.579791
2012-02-03D01:15:00.000000000,1.57897,1.579517
2012-02-03D01:30:00.000000000,1.57935,1.579462
2012-02-03D01:45:00.000000000,1.57947,1.579464
2012-02-03D02:00:00.000000000,1.57978,1.57957
2012-02-03D02:15:00.000000000,1.58034,1.579826
2012-02-03D02:30:00.000000000,1.58107,1.580241
2012-02-03D02:45:00.000000000,1.58122,1.580567
2012-02-03D03:00:00.000000000,1.58098,1.580705
2012-02-03D03:15:00.000000000,1.58103,1.580813
2012-02-03D03:30:00.000000000,1.58072,1.580782
2012-02-03D03:45:00.000000000,1.5808,1.580788
2012-02-03D04:00:00.000000000,1.58086,1.580812
2012-02-03D04:15:00.000000000,1.58082,1.580815
2012-02-03D04:30:00.000000000,1.58091,1.580846
2012-02-03D04:45:00.000000000,1.58113,1.580941
2012-02-03D05:00:00.000000000,1.58116,1.581014
2012-02-03D05:15:00.000000000,1.58156,1.581196
2012-02-03D05:30:00.000000000,1.58202,1.581471
2012-02-03D05:45:00.000000000,1.58186,1.5816
2012-02-03D06:00:00.000000000,1.58201,1.581737
2012-02-03D06:15:00.000000000,1.58195,1.581808
2012-02-03D06:30:00.000000000,1.58205,1.581889
2012-02-03D06:45:00.000000000,1.58252,1.582099
2012-02-03D07:00:00.000000000,1.58218,1.582126
2012-02-03D07:15:00.000000000,1.58258,1.582277
2012-02-03D07:30:00.000000000,1.58305,1.582535
2012-02-03D07:45:00.000000000,1.58287,1.582647
2012-02-03D08:00:00.000000000,1.58175,1.582348
2012-02-03D08:15:00.000000000,1.58139,1.582028
2012-02-03D08:30:00.000000000,1.58242,1.582159
2012-02-03D08:45:00.000000000,1.58185,1.582056
2012-02-03D09:00:00.000000000,1.58321,1.582441
2012-02-03D09:15:00.000000000,1.58342,1.582767
2012-02-03D09:30:00.000000000,1.58501,1.583515
2012-02-03D09:45:00.000000000,1.58476,1.58393
2012-02-03D10:00:00.000000000,1.58431,1.584057
2012-02-03D10:15:00.000000000,1.58447,1.584194
2012-02-03D10:30:00.000000000,1.58422,1.584203
2012-02-03D10:45:00.000000000,1.58464,1.584349
2012-02-03D11:00:00.000000000,1.58417,1.584289
2012-02-03D11:15:00.000000000,1.584,1.584193
2012-02-03D11:30:00.000000000,1.58287,1.583752
2012-02-03D11:45:00.000000000,1.5825,1.583335
2012-02-03D12:00:00.000000000,1.58268,1.583116
2012-02-03D12:15:00.000000000,1.58318,1.583138
2012-02-03D12:30:00.000000000,1.58285,1.583042
2012-02-03D12:45:00.000000000,1.58204,1.582708
2012-02-03D13:00:00.000000000,1.58128,1.582232
2012-02-03D13:15:00.000000000,1.58097,1.581811
2012-02-03D13:30:00.000000000,1.57964,1.581087
2012-02-03D13:45:00.000000000,1.57742,1.579865
2012-02-03D14:00:00.000000000,1.57629,1.578673
2012-02-03D14:15:00.000000000,1.57706,1.578136
2012-02-03D14:30:00.000000000,1.57739,1.577887
2012-02-03D14:45:00.000000000,1.57863,1.578135
2012-02-03D15:00:00.000000000,1.57912,1.578463
2012-02-03D15:15:00.000000000,1.57763,1.578185
2012-02-03D15:30:00.000000000,1.57805,1.57814
2012-02-03D15:45:00.000000000,1.57984,1.578707
2012-02-03D16:00:00.000000000,1.57942,1.578945
2012-02-03D16:15:00.000000000,1.57855,1.578813
2012-02-03D16:30:00.000000000,1.57812,1.578582
2012-02-03D16:45:00.000000000,1.57778,1.578315
2012-02-03D17:00:00.000000000,1.57881,1.57848
2012-02-03D17:15:00.000000000,1.57954,1.578833
2012-02-03D17:30:00.000000000,1.58138,1.579682
2012-02-03D17:45:00.000000000,1.58141,1.580258
2012-02-03D18:00:00.000000000,1.5815,1.580672
2012-02-03D18:15:00.000000000,1.58169,1.581011
2012-02-03D18:30:00.000000000,1.58126,1.581094
2012-02-03D18:45:00.000000000,1.58109,1.581093
2012-02-03D19:00:00.000000000,1.58158,1.581255
2012-02-03D19:15:00.000000000,1.58206,1.581523
2012-02-03D19:30:00.000000000,1.58262,1.581889
2012-02-03D19:45:00.000000000,1.58268,1.582153
2012-02-03D20:00:00.000000000,1.58141,1.581905
2012-02-03D20:15:00.000000000,1.58104,1.581617
2012-02-03D20:30:00.000000000,1.5811,1.581444
2012-02-03D20:45:00.000000000,1.58159,1.581493
2012-02-03D21:00:00.000000000,1.58118,1.581389
2012-02-03D21:15:00.000000000,1.58181,1.581529
2012-02-03D21:30:00.000000000,1.58106,1.581373
2012-02-03D21:45:00.000000000,1.58033,1.581025
2012-02-05D22:00:00.000000000,1.58083,1.58096
2012-02-05D22:15:00.000000000,1.58142,1.581113
2012-02-05D22:30:00.000000000,1.58141,1.581212
2012-02-05D22:45:00.000000000,1.58192,1.581448
2012-02-05D23:00:00.000000000,1.58127,1.581389
2012-02-05D23:15:00.000000000,1.5802,1.580993
2012-02-05D23:30:00.000000000,1.57914,1.580375
2012-02-05D23:45:00.000000000,1.5799,1.580217
2012-02-06D00:00:00.000000000,1.57921,1.579881
2012-02-06D00:15:00.000000000,1.57949,1.579751
2012-02-06D00:30:00.000000000,1.57972,1.57974
2012-02-06D00:45:00.000000000,1.57971,1.57973
2012-02-06D01:00:00.000000000,1.57986,1.579774
2012-02-06D01:15:00.000000000,1.58038,1.579976
2012-02-06D01:30:00.000000000,1.58023,1.58006
2012-02-06D01:45:00.000000000,1.57974,1.579954
2012-02-06D02:00:00.000000000,1.57867,1.579526
2012-02-06D02:15:00.000000000,1.57836,1.579137
2012-02-06D02:30:00.000000000,1.57852,1.578931
2012-02-06D02:45:00.000000000,1.57762,1.578494
2012-02-06D03:00:00.000000000,1.57722,1.57807
2012-02-06D03:15:00.000000000,1.57778,1.577973
2012-02-06D03:30:00.000000000,1.57811,1.578019
2012-02-06D03:45:00.000000000,1.57801,1.578016
2012-02-06D04:00:00.000000000,1.57779,1.577941
2012-02-06D04:15:00.000000000,1.57798,1.577954
2012-02-06D04:30:00.000000000,1.57772,1.577876
2012-02-06D04:45:00.000000000,1.57731,1.577687
2012-02-06D05:00:00.000000000,1.57748,1.577618
2012-02-06D05:15:00.000000000,1.57749,1.577575
2012-02-06D05:30:00.000000000,1.57766,1.577604
2012-02-06D05:45:00.000000000,1.57757,1.577592
2012-02-06D06:00:00.000000000,1.57757,1.577585
2012-02-06D06:15:00.000000000,1.57656,1.577243
2012-02-06D06:30:00.000000000,1.57675,1.577079
2012-02-06D06:45:00.000000000,1.57786,1.577339
2012-02-06D07:00:00.000000000,1.57783,1.577503
2012-02-06D07:15:00.000000000,1.57723,1.577412
2012-02-06D07:30:00.000000000,1.5768,1.577208
2012-02-06D07:45:00.000000000,1.57772,1.577379
2012-02-06D08:00:00.000000000,1.57786,1.577539
2012-02-06D08:15:00.000000000,1.57698,1.577353
2012-02-06D08:30:00.000000000,1.57609,1.576932
2012-02-06D08:45:00.000000000,1.57583,1.576565
2012-02-06D09:00:00.000000000,1.57466,1.57593
2012-02-06D09:15:00.000000000,1.57361,1.575156
2012-02-06D09:30:00.000000000,1.57412,1.574811
2012-02-06D09:45:00.000000000,1.5739,1.574507
2012-02-06D10:00:00.000000000,1.57386,1.574292
2012-02-06D10:15:00.000000000,1.57401,1.574198
2012-02-06D10:30:00.000000000,1.57457,1.574322
2012-02-06D10:45:00.000000000,1.57374,1.574128
2012-02-06D11:00:00.000000000,1.57395,1.574069
2012-02-06D11:15:00.000000000,1.57479,1.574309
2012-02-06D11:30:00.000000000,1.57622,1.574946
2012-02-06D11:45:00.000000000,1.57654,1.575477
2012-02-06D12:00:00.000000000,1.57682,1.575925
2012-02-06D12:15:00.000000000,1.57667,1.576173
2012-02-06D12:30:00.000000000,1.57672,1.576356
2012-02-06D12:45:00.000000000,1.57612,1.576277
2012-02-06D13:00:00.000000000,1.57498,1.575845
2012-02-06D13:15:00.000000000,1.57551,1.575733
2012-02-06D13:30:00.000000000,1.57509,1.575519
2012-02-06D13:45:00.000000000,1.57592,1.575652
2012-02-06D14:00:00.000000000,1.57767,1.576325
2012-02-06D14:15:00.000000000,1.57793,1.57686
2012-02-06D14:30:00.000000000,1.57689,1.57687
2012-02-06D14:45:00.000000000,1.57714,1.57696
2012-02-06D15:00:00.000000000,1.57893,1.577617
2012-02-06D15:15:00.000000000,1.57903,1.578088
2012-02-06D15:30:00.000000000,1.57818,1.578119
2012-02-06D15:45:00.000000000,1.57944,1.578559
2012-02-06D16:00:00.000000000,1.58166,1.579593
2012-02-06D16:15:00.000000000,1.58185,1.580345
2012-02-06D16:30:00.000000000,1.58191,1.580867
2012-02-06D16:45:00.000000000,1.58296,1.581564
2012-02-06D17:00:00.000000000,1.58234,1.581823
2012-02-06D17:15:00.000000000,1.58274,1.582129
2012-02-06D17:30:00.000000000,1.5818,1.582019
2012-02-06D17:45:00.000000000,1.58205,1.582029
2012-02-06D18:00:00.000000000,1.58216,1.582073
2012-02-06D18:15:00.000000000,1.58216,1.582102
2012-02-06D18:30:00.000000000,1.58177,1.581991
2012-02-06D18:45:00.000000000,1.58189,1.581958
2012-02-06D19:00:00.000000000,1.58242,1.582112
2012-02-06D19:15:00.000000000,1.58198,1.582068
2012-02-06D19:30:00.000000000,1.58229,1.582142
2012-02-06D19:45:00.000000000,1.58276,1.582348
2012-02-06D20:00:00.000000000,1.58226,1.582319
2012-02-06D20:15:00.000000000,1.583,1.582546
2012-02-06D20:30:00.000000000,1.58301,1.5827
2012-02-06D20:45:00.000000000,1.58295,1.582784
2012-02-06D21:00:00.000000000,1.58245,1.582672
2012-02-06D21:15:00.000000000,1.5822,1.582515
2012-02-06D21:30:00.000000000,1.58231,1.582447
2012-02-06D21:45:00.000000000,1.58182,1.582238
2012-02-06D22:00:00.000000000,1.58207,1.582182
2012-02-06D22:15:00.000000000,1.58167,1.582011
2012-02-06D22:30:00.000000000,1.58175,1.581924
2012-02-06D22:45:00.000000000,1.58181,1.581886
2012-02-06D23:00:00.000000000,1.58154,1.581771
2012-02-06D23:15:00.000000000,1.58136,1.581634
2012-02-06D23:30:00.000000000,1.58113,1.581466
2012-02-06D23:45:00.000000000,1.58104,1.581324
2012-02-07D00:00:00.000000000,1.58171,1.581453
2012-02-07D00:15:00.000000000,1.58189,1.581598
2012-02-07D00:30:00.000000000,1.58216,1.581786
2012-02-07D00:45:00.000000000,1.58188,1.581817
2012-02-07D01:00:00.000000000,1.58172,1.581785
2012-02-07D01:15:00.000000000,1.58184,1.581803
2012-02-07D01:30:00.000000000,1.58229,1.581965
2012-02-07D01:45:00.000000000,1.58167,1.581867
2012-02-07D02:00:00.000000000,1.58158,1.581771
2012-02-07D02:15:00.000000000,1.58179,1.581778
2012-02-07D02:30:00.000000000,1.58088,1.581478
2012-02-07D02:45:00.000000000,1.58096,1.581306
2012-02-07D03:00:00.000000000,1.58104,1.581217
2012-02-07D03:15:00.000000000,1.58061,1.581015
2012-02-07D03:30:00.000000000,1.58073,1.58092
2012-02-07D03:45:00.000000000,1.58055,1.580797
2012-02-07D04:00:00.000000000,1.58003,1.580541
2012-02-07D04:15:00.000000000,1.58004,1.580374
2012-02-07D04:30:00.000000000,1.58112,1.580623
2012-02-07D04:45:00.000000000,1.58037,1.580538
2012-02-07D05:00:00.000000000,1.58036,1.580479
2012-02-07D05:15:00.000000000,1.58043,1.580463
2012-02-07D05:30:00.000000000,1.58034,1.580422
2012-02-07D05:45:00.000000000,1.58017,1.580338
2012-02-07D06:00:00.000000000,1.58045,1.580375
2012-02-07D06:15:00.000000000,1.58037,1.580373
2012-02-07D06:30:00.000000000,1.58014,1.580296
2012-02-07D06:45:00.000000000,1.57937,1.579987
2012-02-07D07:00:00.000000000,1.58065,1.580208
2012-02-07D07:15:00.000000000,1.58149,1.580635
2012-02-07D07:30:00.000000000,1.58233,1.5812
2012-02-07D07:45:00.000000000,1.5813,1.581234
2012-02-07D08:00:00.000000000,1.58196,1.581476
2012-02-07D08:15:00.000000000,1.58173,1.58156
2012-02-07D08:30:00.000000000,1.58244,1.581854
2012-02-07D08:45:00.000000000,1.58122,1.581642
2012-02-07D09:00:00.000000000,1.58072,1.581335
2012-02-07D09:15:00.000000000,1.58122,1.581297
2012-02-07D09:30:00.000000000,1.58154,1.581378
2012-02-07D09:45:00.000000000,1.58281,1.581855
2012-02-07D10:00:00.000000000,1.5828,1.58217
2012-02-07D10:15:00.000000000,1.58123,1.581857
2012-02-07D10:30:00.000000000,1.58106,1.581591
2012-02-07D10:45:00.000000000,1.5812,1.581461
2012-02-07D11:00:00.000000000,1.58111,1.581344
2012-02-07D11:15:00.000000000,1.58134,1.581343
2012-02-07D11:30:00.000000000,1.58109,1.581258
2012-02-07D11:45:00.000000000,1.58142,1.581312
2012-02-07D12:00:00.000000000,1.58044,1.581022
2012-02-07D12:15:00.000000000,1.57979,1.580611
2012-02-07D12:30:00.000000000,1.57974,1.580321
2012-02-07D12:45:00.000000000,1.58043,1.580357
2012-02-07D13:00:00.000000000,1.57943,1.580048
2012-02-07D13:15:00.000000000,1.57954,1.579879
2012-02-07D13:30:00.000000000,1.58127,1.580342
2012-02-07D13:45:00.000000000,1.58256,1.581082
2012-02-07D14:00:00.000000000,1.5825,1.581554
2012-02-07D14:15:00.000000000,1.58346,1.58219
2012-02-07D14:30:00.000000000,1.58332,1.582566
2012-02-07D14:45:00.000000000,1.58252,1.582551
2012-02-07D15:00:00.000000000,1.58196,1.582354
2012-02-07D15:15:00.000000000,1.58296,1.582556
2012-02-07D15:30:00.000000000,1.58411,1.583074
2012-02-07D15:45:00.000000000,1.58704,1.584396
2012-02-07D16:00:00.000000000,1.58951,1.586101
2012-02-07D16:15:00.000000000,1.58931,1.58717
2012-02-07D16:30:00.000000000,1.58881,1.587717
2012-02-07D16:45:00.000000000,1.58891,1.588115
2012-02-07D17:00:00.000000000,1.58863,1.588286
2012-02-07D17:15:00.000000000,1.58895,1.588508
2012-02-07D17:30:00.000000000,1.58914,1.588718
2012-02-07D17:45:00.000000000,1.5898,1.589079
2012-02-07D18:00:00.000000000,1.58892,1.589026
2012-02-07D18:15:00.000000000,1.58852,1.588857
2012-02-07D18:30:00.000000000,1.5887,1.588805
2012-02-07D18:45:00.000000000,1.58874,1.588783
2012-02-07D19:00:00.000000000,1.58864,1.588735
2012-02-07D19:15:00.000000000,1.58837,1.588614
2012-02-07D19:30:00.000000000,1.58848,1.588569
2012-02-07D19:45:00.000000000,1.5894,1.588846
2012-02-07D20:00:00.000000000,1.58988,1.589191
2012-02-07D20:15:00.000000000,1.58985,1.58941
2012-02-07D20:30:00.000000000,1.58957,1.589464
2012-02-07D20:45:00.000000000,1.58999,1.589639
2012-02-07D21:00:00.000000000,1.5903,1.589859
2012-02-07D21:15:00.000000000,1.59013,1.58995
2012-02-07D21:30:00.000000000,1.59006,1.589986
2012-02-07D21:45:00.000000000,1.58955,1.589841
2012-02-07D22:00:00.000000000,1.58954,1.589741
2012-02-07D22:15:00.000000000,1.58961,1.589697
2012-02-07D22:30:00.000000000,1.58991,1.589768
2012-02-07D22:45:00.000000000,1.59006,1.589865
2012-02-07D23:00:00.000000000,1.58958,1.58977
2012-02-07D23:15:00.000000000,1.5891,1.589547
2012-02-07D23:30:00.000000000,1.58931,1.589468
2012-02-07D23:45:00.000000000,1.5891,1.589345
2012-02-08D00:00:00.000000000,1.58903,1.58924
2012-02-08D00:15:00.000000000,1.58934,1.589273
2012-02-08D00:30:00.000000000,1.58959,1.589379
2012-02-08D00:45:00.000000000,1.58943,1.589396
2012-02-08D01:00:00.000000000,1.58899,1.589261
2012-02-08D01:15:00.000000000,1.58887,1.58913
2012-02-08D01:30:00.000000000,1.58896,1.589074
2012-02-08D01:45:00.000000000,1.58887,1.589006
2012-02-08D02:00:00.000000000,1.58948,1.589164
2012-02-08D02:15:00.000000000,1.58926,1.589196
2012-02-08D02:30:00.000000000,1.58964,1.589344
2012-02-08D02:45:00.000000000,1.58983,1.589506
2012-02-08D03:00:00.000000000,1.58969,1.589567
2012-02-08D03:15:00.000000000,1.5899,1.589678
2012-02-08D03:30:00.000000000,1.59002,1.589792
2012-02-08D03:45:00.000000000,1.58936,1.589648
2012-02-08D04:00:00.000000000,1.58923,1.589509
2012-02-08D04:15:00.000000000,1.58944,1.589486
2012-02-08D04:30:00.000000000,1.58943,1.589467
2012-02-08D04:45:00.000000000,1.58947,1.589468
2012-02-08D05:00:00.000000000,1.58975,1.589562
2012-02-08D05:15:00.000000000,1.59026,1.589795
2012-02-08D05:30:00.000000000,1.59007,1.589886
2012-02-08D05:45:00.000000000,1.59055,1.590108
2012-02-08D06:00:00.000000000,1.59071,1.590308
2012-02-08D06:15:00.000000000,1.59149,1.590702
2012-02-08D06:30:00.000000000,1.59127,1.590892
2012-02-08D06:45:00.000000000,1.5903,1.590694
2012-02-08D07:00:00.000000000,1.59085,1.590746
2012-02-08D07:15:00.000000000,1.59072,1.590737
2012-02-08D07:30:00.000000000,1.59062,1.590698
2012-02-08D07:45:00.000000000,1.59117,1.590856
2012-02-08D08:00:00.000000000,1.59163,1.591114
2012-02-08D08:15:00.000000000,1.5922,1.591476
2012-02-08D08:30:00.000000000,1.59138,1.591444
2012-02-08D08:45:00.000000000,1.59163,1.591506
2012-02-08D09:00:00.000000000,1.59182,1.591611
2012-02-08D09:15:00.000000000,1.59145,1.591557
2012-02-08D09:30:00.000000000,1.5917,1.591605
2012-02-08D09:45:00.000000000,1.59096,1.59139
2012-02-08D10:00:00.000000000,1.59153,1.591437
2012-02-08D10:15:00.000000000,1.59047,1.591114
2012-02-08D10:30:00.000000000,1.59011,1.59078
2012-02-08D10:45:00.000000000,1.58773,1.589763
2012-02-08D11:00:00.000000000,1.58803,1.589185
2012-02-08D11:15:00.000000000,1.58802,1.588797
2012-02-08D11:30:00.000000000,1.58936,1.588985
2012-02-08D11:45:00.000000000,1.58771,1.58856
2012-02-08D12:00:00.000000000,1.58812,1.588413
2012-02-08D12:15:00.000000000,1.58941,1.588745
2012-02-08D12:30:00.000000000,1.58941,1.588967
2012-02-08D12:45:00.000000000,1.59001,1.589315
2012-02-08D13:00:00.000000000,1.58988,1.589503
2012-02-08D13:15:00.000000000,1.59012,1.589709
2012-02-08D13:30:00.000000000,1.58839,1.589269
2012-02-08D13:45:00.000000000,1.58858,1.589039
2012-02-08D14:00:00.000000000,1.58819,1.588756
2012-02-08D14:15:00.000000000,1.58685,1.588121
2012-02-08D14:30:00.000000000,1.58581,1.587351
2012-02-08D14:45:00.000000000,1.58634,1.587014
2012-02-08D15:00:00.000000000,1.58658,1.586869
2012-02-08D15:15:00.000000000,1.58425,1.585996
2012-02-08D15:30:00.000000000,1.58099,1.584327
2012-02-08D15:45:00.000000000,1.58236,1.583672
2012-02-08D16:00:00.000000000,1.5807,1.582681
2012-02-08D16:15:00.000000000,1.58102,1.582127
2012-02-08D16:30:00.000000000,1.58037,1.581542
2012-02-08D16:45:00.000000000,1.58184,1.581641
2012-02-08D17:00:00.000000000,1.58272,1.582001
2012-02-08D17:15:00.000000000,1.5824,1.582134
2012-02-08D17:30:00.000000000,1.58229,1.582186
2012-02-08D17:45:00.000000000,1.58282,1.582397
2012-02-08D18:00:00.000000000,1.58209,1.582295
2012-02-08D18:15:00.000000000,1.58312,1.58257
2012-02-08D18:30:00.000000000,1.58276,1.582633
2012-02-08D18:45:00.000000000,1.58229,1.582519
2012-02-08D19:00:00.000000000,1.58199,1.582343
2012-02-08D19:15:00.000000000,1.58234,1.582342
2012-02-08D19:30:00.000000000,1.58232,1.582334
2012-02-08D19:45:00.000000000,1.58154,1.58207
2012-02-08D20:00:00.000000000,1.58198,1.58204
2012-02-08D20:15:00.000000000,1.58227,1.582117
2012-02-08D20:30:00.000000000,1.58211,1.582114
2012-02-08D20:45:00.000000000,1.58185,1.582026
2012-02-08D21:00:00.000000000,1.58163,1.581894
2012-02-08D21:15:00.000000000,1.58147,1.581753
2012-02-08D21:30:00.000000000,1.58184,1.581782
2012-02-08D21:45:00.000000000,1.58163,1.581731
2012-02-08D22:00:00.000000000,1.58174,1.581734
2012-02-08D22:15:00.000000000,1.58162,1.581696
2012-02-08D22:30:00.000000000,1.58152,1.581637
2012-02-08D22:45:00.000000000,1.58125,1.581508
2012-02-08D23:00:00.000000000,1.57982,1.580946
2012-02-08D23:15:00.000000000,1.58112,1.581004
2012-02-08D23:30:00.000000000,1.58117,1.581059
2012-02-08D23:45:00.000000000,1.58088,1.580999
2012-02-09D00:00:00.000000000,1.58097,1.58099
2012-02-09D00:15:00.000000000,1.58054,1.58084
2012-02-09D00:30:00.000000000,1.58018,1.58062
2012-02-09D00:45:00.000000000,1.58009,1.580443
2012-02-09D01:00:00.000000000,1.58025,1.580379
2012-02-09D01:15:00.000000000,1.57995,1.580236
2012-02-09D01:30:00.000000000,1.58008,1.580184
2012-02-09D01:45:00.000000000,1.5804,1.580256
2012-02-09D02:00:00.000000000,1.5808,1.580437
2012-02-09D02:15:00.000000000,1.58098,1.580618
2012-02-09D02:30:00.000000000,1.58102,1.580752
2012-02-09D02:45:00.000000000,1.58126,1.580921
2012-02-09D03:00:00.000000000,1.58145,1.581098
2012-02-09D03:15:00.000000000,1.58133,1.581175
2012-02-09D03:30:00.000000000,1.58166,1.581337
2012-02-09D03:45:00.000000000,1.58103,1.581234
2012-02-09D04:00:00.000000000,1.58057,1.581013
2012-02-09D04:15:00.000000000,1.58162,1.581215
2012-02-09D04:30:00.000000000,1.58212,1.581517
2012-02-09D04:45:00.000000000,1.58244,1.581825
2012-02-09D05:00:00.000000000,1.58218,1.581943
2012-02-09D05:15:00.000000000,1.58264,1.582175
2012-02-09D05:30:00.000000000,1.58251,1.582287
2012-02-09D05:45:00.000000000,1.58272,1.582431
2012-02-09D06:00:00.000000000,1.58422,1.583028
2012-02-09D06:15:00.000000000,1.58366,1.583238
2012-02-09D06:30:00.000000000,1.5843,1.583592
2012-02-09D06:45:00.000000000,1.58374,1.583641
2012-02-09D07:00:00.000000000,1.58431,1.583864
2012-02-09D07:15:00.000000000,1.58423,1.583986
2012-02-09D07:30:00.000000000,1.58324,1.583737
2012-02-09D07:45:00.000000000,1.58339,1.583622
2012-02-09D08:00:00.000000000,1.58299,1.583411
2012-02-09D08:15:00.000000000,1.5844,1.583741
2012-02-09D08:30:00.000000000,1.58467,1.58405
2012-02-09D08:45:00.000000000,1.58396,1.58402
2012-02-09D09:00:00.000000000,1.58361,1.583884
2012-02-09D09:15:00.000000000,1.58394,1.583902
2012-02-09D09:30:00.000000000,1.58559,1.584465
2012-02-09D09:45:00.000000000,1.58421,1.58438
2012-02-09D10:00:00.000000000,1.58388,1.584213
2012-02-09D10:15:00.000000000,1.58375,1.584059
2012-02-09D10:30:00.000000000,1.58308,1.583733
2012-02-09D10:45:00.000000000,1.58404,1.583835
2012-02-09D11:00:00.000000000,1.58442,1.58403
2012-02-09D11:15:00.000000000,1.58387,1.583977
2012-02-09D11:30:00.000000000,1.58407,1.584008
2012-02-09D11:45:00.000000000,1.58279,1.583602
2012-02-09D12:00:00.000000000,1.58658,1.584595
2012-02-09D12:15:00.000000000,1.58756,1.585583
2012-02-09D12:30:00.000000000,1.58665,1.585939
2012-02-09D12:45:00.000000000,1.58549,1.585789
2012-02-09D13:00:00.000000000,1.58823,1.586603
2012-02-09D13:15:00.000000000,1.58599,1.586399
2012-02-09D13:30:00.000000000,1.58636,1.586386
2012-02-09D13:45:00.000000000,1.58516,1.585977
2012-02-09D14:00:00.000000000,1.58631,1.586088
2012-02-09D14:15:00.000000000,1.58675,1.586309
2012-02-09D14:30:00.000000000,1.5849,1.585839
2012-02-09D14:45:00.000000000,1.5861,1.585926
2012-02-09D15:00:00.000000000,1.58459,1.585481
2012-02-09D15:15:00.000000000,1.58311,1.58469
2012-02-09D15:30:00.000000000,1.58218,1.583854
2012-02-09D15:45:00.000000000,1.58418,1.583962
2012-02-09D16:00:00.000000000,1.58646,1.584795
2012-02-09D16:15:00.000000000,1.58457,1.58472
2012-02-09D16:30:00.000000000,1.58349,1.58431
2012-02-09D16:45:00.000000000,1.58369,1.584103
2012-02-09D17:00:00.000000000,1.58395,1.584052
2012-02-09D17:15:00.000000000,1.58332,1.583808
2012-02-09D17:30:00.000000000,1.58319,1.583602
2012-02-09D17:45:00.000000000,1.58333,1.583511
2012-02-09D18:00:00.000000000,1.58283,1.583284
2012-02-09D18:15:00.000000000,1.58299,1.583186
2012-02-09D18:30:00.000000000,1.58162,1.582664
2012-02-09D18:45:00.000000000,1.58195,1.582426
2012-02-09D19:00:00.000000000,1.58223,1.582361
2012-02-09D19:15:00.000000000,1.58235,1.582357
2012-02-09D19:30:00.000000000,1.58277,1.582495
2012-02-09D19:45:00.000000000,1.58254,1.58251
2012-02-09D20:00:00.000000000,1.58197,1.58233
2012-02-09D20:15:00.000000000,1.58215,1.58227
2012-02-09D20:30:00.000000000,1.58172,1.582087
2012-02-09D20:45:00.000000000,1.58158,1.581918
2012-02-09D21:00:00.000000000,1.58147,1.581768
2012-02-09D21:15:00.000000000,1.5818,1.581779
2012-02-09D21:30:00.000000000,1.58174,1.581766
2012-02-09D21:45:00.000000000,1.58173,1.581754
2012-02-09D22:00:00.000000000,1.58165,1.581719
2012-02-09D22:15:00.000000000,1.5816,1.58168
2012-02-09D22:30:00.000000000,1.58162,1.58166
2012-02-09D22:45:00.000000000,1.58148,1.5816
2012-02-09D23:00:00.000000000,1.58108,1.581427
2012-02-09D23:15:00.000000000,1.58061,1.581154
2012-02-09D23:30:00.000000000,1.58072,1.58101
2012-02-09D23:45:00.000000000,1.58115,1.581056
2012-02-10D00:00:00.000000000,1.58084,1.580984
2012-02-10D00:15:00.000000000,1.58097,1.58098
2012-02-10D00:30:00.000000000,1.58078,1.580913
2012-02-10D00:45:00.000000000,1.58131,1.581045
2012-02-10D01:00:00.000000000,1.58099,1.581027
2012-02-10D01:15:00.000000000,1.58076,1.580938
2012-02-10D01:30:00.000000000,1.58069,1.580855
2012-02-10D01:45:00.000000000,1.58027,1.58066
2012-02-10D02:00:00.000000000,1.58034,1.580553
2012-02-10D02:15:00.000000000,1.5806,1.580569
2012-02-10D02:30:00.000000000,1.58056,1.580566
2012-02-10D02:45:00.000000000,1.58032,1.580484
2012-02-10D03:00:00.000000000,1.58027,1.580413
2012-02-10D03:15:00.000000000,1.58039,1.580405
2012-02-10D03:30:00.000000000,1.57978,1.580197
2012-02-10D03:45:00.000000000,1.57951,1.579968
2012-02-10D04:00:00.000000000,1.57992,1.579952
2012-02-10D04:15:00.000000000,1.5799,1.579935
2012-02-10D04:30:00.000000000,1.57977,1.57988
2012-02-10D04:45:00.000000000,1.57949,1.57975
2012-02-10D05:00:00.000000000,1.57911,1.579537
2012-02-10D05:15:00.000000000,1.57894,1.579338
2012-02-10D05:30:00.000000000,1.57895,1.579208
2012-02-10D05:45:00.000000000,1.57874,1.579052
2012-02-10D06:00:00.000000000,1.57934,1.579148
2012-02-10D06:15:00.000000000,1.57873,1.579009
2012-02-10D06:30:00.000000000,1.57843,1.578816
2012-02-10D06:45:00.000000000,1.57861,1.578747
2012-02-10D07:00:00.000000000,1.57876,1.578751
2012-02-10D07:15:00.000000000,1.57772,1.578408
2012-02-10D07:30:00.000000000,1.57759,1.578135
2012-02-10D07:45:00.000000000,1.57885,1.578373
2012-02-10D08:00:00.000000000,1.57978,1.578842
2012-02-10D08:15:00.000000000,1.57998,1.579222
2012-02-10D08:30:00.000000000,1.58068,1.579708
2012-02-10D08:45:00.000000000,1.58108,1.580165
2012-02-10D09:00:00.000000000,1.58209,1.580807
2012-02-10D09:15:00.000000000,1.58163,1.581081
2012-02-10D09:30:00.000000000,1.58381,1.581991
2012-02-10D09:45:00.000000000,1.58369,1.582557
2012-02-10D10:00:00.000000000,1.58398,1.583031
2012-02-10D10:15:00.000000000,1.58229,1.582784
2012-02-10D10:30:00.000000000,1.58288,1.582816
2012-02-10D10:45:00.000000000,1.58336,1.582997
2012-02-10D11:00:00.000000000,1.58279,1.582928
2012-02-10D11:15:00.000000000,1.58312,1.582992
2012-02-10D11:30:00.000000000,1.58228,1.582755
2012-02-10D11:45:00.000000000,1.58255,1.582687
2012-02-10D12:00:00.000000000,1.5791,1.581491
2012-02-10D12:15:00.000000000,1.57935,1.580777
2012-02-10D12:30:00.000000000,1.57895,1.580168
2012-02-10D12:45:00.000000000,1.57812,1.579485
2012-02-10D13:00:00.000000000,1.57709,1.578687
2012-02-10D13:15:00.000000000,1.57624,1.577871
2012-02-10D13:30:00.000000000,1.57614,1.577294
2012-02-10D13:45:00.000000000,1.57725,1.577279
2012-02-10D14:00:00.000000000,1.57659,1.57705
2012-02-10D14:15:00.000000000,1.57636,1.57682
2012-02-10D14:30:00.000000000,1.57614,1.576593
2012-02-10D14:45:00.000000000,1.57579,1.576325
2012-02-10D15:00:00.000000000,1.57524,1.575964
2012-02-10D15:15:00.000000000,1.57599,1.575972
2012-02-10D15:30:00.000000000,1.57444,1.575462
2012-02-10D15:45:00.000000000,1.57507,1.575331
2012-02-10D16:00:00.000000000,1.57541,1.575357
2012-02-10D16:15:00.000000000,1.57511,1.575275
2012-02-10D16:30:00.000000000,1.57529,1.57528
2012-02-10D16:45:00.000000000,1.57471,1.57509
2012-02-10D17:00:00.000000000,1.57453,1.574903
2012-02-10D17:15:00.000000000,1.57463,1.574812
2012-02-10D17:30:00.000000000,1.57427,1.574631
2012-02-10D17:45:00.000000000,1.57451,1.574591
2012-02-10D18:00:00.000000000,1.57447,1.574551
2012-02-10D18:15:00.000000000,1.57435,1.574484
2012-02-10D18:30:00.000000000,1.57332,1.574096
2012-02-10D18:45:00.000000000,1.57303,1.573741
2012-02-10D19:00:00.000000000,1.57391,1.573797
2012-02-10D19:15:00.000000000,1.57409,1.573895
2012-02-10D19:30:00.000000000,1.57395,1.573913
2012-02-10D19:45:00.000000000,1.57391,1.573912
2012-02-10D20:00:00.000000000,1.57352,1.573781
2012-02-10D20:15:00.000000000,1.57371,1.573758
2012-02-10D20:30:00.000000000,1.57403,1.573848
2012-02-10D20:45:00.000000000,1.57345,1.573716
2012-02-10D21:00:00.000000000,1.57388,1.57377
2012-02-10D21:15:00.000000000,1.57423,1.573924
2012-02-10D21:30:00.000000000,1.57535,1.574399
2012-02-10D21:45:00.000000000,1.57761,1.575469
2012-02-12D22:00:00.000000000,1.57623,1.575723
2012-02-12D22:15:00.000000000,1.57865,1.576699
2012-02-12D22:30:00.000000000,1.57891,1.577436
2012-02-12D22:45:00.000000000,1.57918,1.578017
2012-02-12D23:00:00.000000000,1.57879,1.578275
2012-02-12D23:15:00.000000000,1.57807,1.578207
2012-02-12D23:30:00.000000000,1.5769,1.577771
2012-02-12D23:45:00.000000000,1.57766,1.577734
2012-02-13D00:00:00.000000000,1.57738,1.577616
2012-02-13D00:15:00.000000000,1.57738,1.577537
2012-02-13D00:30:00.000000000,1.57595,1.577008
2012-02-13D00:45:00.000000000,1.57658,1.576865
2012-02-13D01:00:00.000000000,1.57617,1.576634
2012-02-13D01:15:00.000000000,1.57638,1.576549
2012-02-13D01:30:00.000000000,1.57688,1.576659
2012-02-13D01:45:00.000000000,1.57765,1.57699
2012-02-13D02:00:00.000000000,1.57763,1.577203
2012-02-13D02:15:00.000000000,1.57811,1.577505
2012-02-13D02:30:00.000000000,1.57783,1.577614
2012-02-13D02:45:00.000000000,1.57768,1.577636
2012-02-13D03:00:00.000000000,1.57781,1.577694
2012-02-13D03:15:00.000000000,1.57842,1.577936
2012-02-13D03:30:00.000000000,1.57872,1.578197
2012-02-13D03:45:00.000000000,1.57908,1.578492
2012-02-13D04:00:00.000000000,1.57876,1.578581
2012-02-13D04:15:00.000000000,1.57848,1.578547
2012-02-13D04:30:00.000000000,1.57875,1.578615
2012-02-13D04:45:00.000000000,1.57902,1.57875
2012-02-13D05:00:00.000000000,1.57905,1.57885
2012-02-13D05:15:00.000000000,1.57917,1.578957
2012-02-13D05:30:00.000000000,1.57911,1.579008
2012-02-13D05:45:00.000000000,1.57862,1.578879
2012-02-13D06:00:00.000000000,1.57865,1.578802
2012-02-13D06:15:00.000000000,1.57865,1.578752
2012-02-13D06:30:00.000000000,1.57829,1.578598
2012-02-13D06:45:00.000000000,1.57824,1.578478
2012-02-13D07:00:00.000000000,1.57938,1.578779
2012-02-13D07:15:00.000000000,1.57933,1.578963
2012-02-13D07:30:00.000000000,1.57946,1.579128
2012-02-13D07:45:00.000000000,1.57866,1.578972
2012-02-13D08:00:00.000000000,1.57985,1.579265
2012-02-13D08:15:00.000000000,1.58188,1.580137
2012-02-13D08:30:00.000000000,1.58198,1.580751
2012-02-13D08:45:00.000000000,1.58173,1.581077
2012-02-13D09:00:00.000000000,1.58078,1.580978
2012-02-13D09:15:00.000000000,1.58059,1.580849
2012-02-13D09:30:00.000000000,1.58077,1.580823
2012-02-13D09:45:00.000000000,1.57929,1.580312
2012-02-13D10:00:00.000000000,1.57938,1.580001
2012-02-13D10:15:00.000000000,1.57951,1.579837
2012-02-13D10:30:00.000000000,1.58079,1.580155
2012-02-13D10:45:00.000000000,1.58144,1.580583
2012-02-13D11:00:00.000000000,1.58171,1.580959
2012-02-13D11:15:00.000000000,1.58124,1.581053
2012-02-13D11:30:00.000000000,1.58127,1.581125
2012-02-13D11:45:00.000000000,1.57968,1.580643
2012-02-13D12:00:00.000000000,1.57983,1.580372
2012-02-13D12:15:00.000000000,1.58053,1.580425
2012-02-13D12:30:00.000000000,1.57952,1.580123
2012-02-13D12:45:00.000000000,1.58005,1.580099
2012-02-13D13:00:00.000000000,1.57984,1.580013
2012-02-13D13:15:00.000000000,1.58035,1.580125
2012-02-13D13:30:00.000000000,1.58076,1.580337
2012-02-13D13:45:00.000000000,1.58015,1.580274
2012-02-13D14:00:00.000000000,1.58003,1.580193
2012-02-13D14:15:00.000000000,1.58012,1.580169
2012-02-13D14:30:00.000000000,1.57931,1.579882
2012-02-13D14:45:00.000000000,1.57928,1.579682
2012-02-13D15:00:00.000000000,1.57821,1.579191
2012-02-13D15:15:00.000000000,1.57799,1.578791
2012-02-13D15:30:00.000000000,1.57835,1.578644
2012-02-13D15:45:00.000000000,1.57903,1.578773
2012-02-13D16:00:00.000000000,1.57881,1.578785
2012-02-13D16:15:00.000000000,1.57782,1.578463
2012-02-13D16:30:00.000000000,1.57787,1.578266
2012-02-13D16:45:00.000000000,1.57786,1.57813
2012-02-13D17:00:00.000000000,1.57764,1.577967
2012-02-13D17:15:00.000000000,1.57725,1.577728
2012-02-13D17:30:00.000000000,1.57758,1.577679
2012-02-13D17:45:00.000000000,1.57791,1.577756
2012-02-13D18:00:00.000000000,1.57787,1.577794
2012-02-13D18:15:00.000000000,1.57786,1.577816
2012-02-13D18:30:00.000000000,1.57818,1.577937
2012-02-13D18:45:00.000000000,1.57752,1.577798
2012-02-13D19:00:00.000000000,1.57742,1.577672
2012-02-13D19:15:00.000000000,1.57768,1.577675
2012-02-13D19:30:00.000000000,1.57762,1.577656
2012-02-13D19:45:00.000000000,1.57736,1.577558
2012-02-13D20:00:00.000000000,1.57692,1.577345
2012-02-13D20:15:00.000000000,1.57725,1.577313
2012-02-13D20:30:00.000000000,1.57666,1.577096
2012-02-13D20:45:00.000000000,1.57692,1.577037
2012-02-13D21:00:00.000000000,1.57683,1.576968
2012-02-13D21:15:00.000000000,1.57666,1.576865
2012-02-13D21:30:00.000000000,1.57661,1.57678
2012-02-13D21:45:00.000000000,1.57653,1.576697
2012-02-13D22:00:00.000000000,1.57673,1.576708
2012-02-13D22:15:00.000000000,1.57649,1.576635
2012-02-13D22:30:00.000000000,1.57673,1.576667
2012-02-13D22:45:00.000000000,1.57514,1.576158
2012-02-13D23:00:00.000000000,1.57353,1.575282
2012-02-13D23:15:00.000000000,1.57247,1.574345
2012-02-13D23:30:00.000000000,1.57263,1.573773
2012-02-13D23:45:00.000000000,1.57217,1.573239
2012-02-14D00:00:00.000000000,1.57334,1.573272
2012-02-14D00:15:00.000000000,1.57243,1.572992
2012-02-14D00:30:00.000000000,1.57308,1.573021
2012-02-14D00:45:00.000000000,1.57317,1.573071
2012-02-14D01:00:00.000000000,1.57183,1.572657
2012-02-14D01:15:00.000000000,1.57147,1.572261
2012-02-14D01:30:00.000000000,1.57152,1.572014
2012-02-14D01:45:00.000000000,1.57154,1.571856
2012-02-14D02:00:00.000000000,1.57114,1.571617
2012-02-14D02:15:00.000000000,1.57121,1.571482
2012-02-14D02:30:00.000000000,1.57106,1.571341
2012-02-14D02:45:00.000000000,1.57111,1.571264
2012-02-14D03:00:00.000000000,1.5708,1.571109
2012-02-14D03:15:00.000000000,1.57056,1.570926
2012-02-14D03:30:00.000000000,1.57043,1.570761
2012-02-14D03:45:00.000000000,1.57051,1.570677
2012-02-14D04:00:00.000000000,1.57163,1.570995
2012-02-14D04:15:00.000000000,1.57192,1.571303
2012-02-14D04:30:00.000000000,1.57183,1.571479
2012-02-14D04:45:00.000000000,1.57038,1.571113
2012-02-14D05:00:00.000000000,1.57097,1.571065
2012-02-14D05:15:00.000000000,1.57068,1.570937
2012-02-14D05:30:00.000000000,1.57097,1.570948
2012-02-14D05:45:00.000000000,1.571,1.570965
2012-02-14D06:00:00.000000000,1.57051,1.570813
2012-02-14D06:15:00.000000000,1.56911,1.570246
2012-02-14D06:30:00.000000000,1.56932,1.569937
2012-02-14D06:45:00.000000000,1.57081,1.570228
2012-02-14D07:00:00.000000000,1.57078,1.570412
2012-02-14D07:15:00.000000000,1.57152,1.570781
2012-02-14D07:30:00.000000000,1.57195,1.571171
2012-02-14D07:45:00.000000000,1.57191,1.571417
2012-02-14D08:00:00.000000000,1.57243,1.571755
2012-02-14D08:15:00.000000000,1.5722,1.571903
2012-02-14D08:30:00.000000000,1.57303,1.572279
2012-02-14D08:45:00.000000000,1.57311,1.572556
2012-02-14D09:00:00.000000000,1.57253,1.572547
2012-02-14D09:15:00.000000000,1.57368,1.572925
2012-02-14D09:30:00.000000000,1.5727,1.57285
2012-02-14D09:45:00.000000000,1.57352,1.573073
2012-02-14D10:00:00.000000000,1.57452,1.573556
2012-02-14D10:15:00.000000000,1.57661,1.574574
2012-02-14D10:30:00.000000000,1.57583,1.574992
2012-02-14D10:45:00.000000000,1.57576,1.575248
2012-02-14D11:00:00.000000000,1.57529,1.575262
2012-02-14D11:15:00.000000000,1.57518,1.575235
2012-02-14D11:30:00.000000000,1.5754,1.57529
2012-02-14D11:45:00.000000000,1.5744,1.574993
2012-02-14D12:00:00.000000000,1.57429,1.574759
2012-02-14D12:15:00.000000000,1.57378,1.574433
2012-02-14D12:30:00.000000000,1.57248,1.573782
2012-02-14D12:45:00.000000000,1.57204,1.573201
2012-02-14D13:00:00.000000000,1.57223,1.572877
2012-02-14D13:15:00.000000000,1.57204,1.572598
2012-02-14D13:30:00.000000000,1.57022,1.571806
2012-02-14D13:45:00.000000000,1.57008,1.57123
2012-02-14D14:00:00.000000000,1.57069,1.57105
2012-02-14D14:15:00.000000000,1.57048,1.57086
2012-02-14D14:30:00.000000000,1.57107,1.57093
2012-02-14D14:45:00.000000000,1.5695,1.570453
2012-02-14D15:00:00.000000000,1.56794,1.569616
2012-02-14D15:15:00.000000000,1.56775,1.568994
2012-02-14D15:30:00.000000000,1.56655,1.568179
2012-02-14D15:45:00.000000000,1.56688,1.567746
2012-02-14D16:00:00.000000000,1.56795,1.567814
2012-02-14D16:15:00.000000000,1.56779,1.567806
2012-02-14D16:30:00.000000000,1.56874,1.568117
2012-02-14D16:45:00.000000000,1.56891,1.568382
2012-02-14D17:00:00.000000000,1.56909,1.568618
2012-02-14D17:15:00.000000000,1.56934,1.568858
2012-02-14D17:30:00.000000000,1.56869,1.568802
2012-02-14D17:45:00.000000000,1.56754,1.568382
2012-02-14D18:00:00.000000000,1.56709,1.567951
2012-02-14D18:15:00.000000000,1.56728,1.567727
2012-02-14D18:30:00.000000000,1.56745,1.567635
2012-02-14D18:45:00.000000000,1.56775,1.567673
2012-02-14D19:00:00.000000000,1.56775,1.567699
2012-02-14D19:15:00.000000000,1.56549,1.566963
2012-02-14D19:30:00.000000000,1.56482,1.566248
2012-02-14D19:45:00.000000000,1.56595,1.566149
2012-02-14D20:00:00.000000000,1.56651,1.566269
2012-02-14D20:15:00.000000000,1.56544,1.565993
2012-02-14D20:30:00.000000000,1.5672,1.566395
2012-02-14D20:45:00.000000000,1.56849,1.567093
2012-02-14D21:00:00.000000000,1.56836,1.567516
2012-02-14D21:15:00.000000000,1.56836,1.567797
2012-02-14D21:30:00.000000000,1.56896,1.568185
2012-02-14D21:45:00.000000000,1.56928,1.56855
2012-02-14D22:00:00.000000000,1.56843,1.56851
2012-02-14D22:15:00.000000000,1.56878,1.5686
2012-02-14D22:30:00.000000000,1.56846,1.568553
2012-02-14D22:45:00.000000000,1.56897,1.568692
2012-02-14D23:00:00.000000000,1.56923,1.568871
2012-02-14D23:15:00.000000000,1.56872,1.568821
2012-02-14D23:30:00.000000000,1.5688,1.568814
2012-02-14D23:45:00.000000000,1.56882,1.568816
2012-02-15D00:00:00.000000000,1.56869,1.568774
2012-02-15D00:15:00.000000000,1.56832,1.568623
2012-02-15D00:30:00.000000000,1.56882,1.568688
2012-02-15D00:45:00.000000000,1.56845,1.568609
2012-02-15D01:00:00.000000000,1.56793,1.568383
2012-02-15D01:15:00.000000000,1.56853,1.568432
2012-02-15D01:30:00.000000000,1.56833,1.568398
2012-02-15D01:45:00.000000000,1.56781,1.568202
2012-02-15D02:00:00.000000000,1.56882,1.568408
2012-02-15D02:15:00.000000000,1.57048,1.569099
2012-02-15D02:30:00.000000000,1.57109,1.569762
2012-02-15D02:45:00.000000000,1.57121,1.570245
2012-02-15D03:00:00.000000000,1.57096,1.570483
2012-02-15D03:15:00.000000000,1.57119,1.570719
2012-02-15D03:30:00.000000000,1.57143,1.570956
2012-02-15D03:45:00.000000000,1.57193,1.571281
2012-02-15D04:00:00.000000000,1.57151,1.571357
2012-02-15D04:15:00.000000000,1.57158,1.571431
2012-02-15D04:30:00.000000000,1.57145,1.571438
2012-02-15D04:45:00.000000000,1.57199,1.571622
2012-02-15D05:00:00.000000000,1.5721,1.571781
2012-02-15D05:15:00.000000000,1.57224,1.571934
2012-02-15D05:30:00.000000000,1.57244,1.572103
2012-02-15D05:45:00.000000000,1.57308,1.572428
2012-02-15D06:00:00.000000000,1.57246,1.572439
2012-02-15D06:15:00.000000000,1.57262,1.572499
2012-02-15D06:30:00.000000000,1.57225,1.572416
2012-02-15D06:45:00.000000000,1.57219,1.572341
2012-02-15D07:00:00.000000000,1.57269,1.572457
2012-02-15D07:15:00.000000000,1.57329,1.572735
2012-02-15D07:30:00.000000000,1.57269,1.57272
2012-02-15D07:45:00.000000000,1.57156,1.572333
2012-02-15D08:00:00.000000000,1.57145,1.572039
2012-02-15D08:15:00.000000000,1.57043,1.571503
2012-02-15D08:30:00.000000000,1.57019,1.571065
2012-02-15D08:45:00.000000000,1.56792,1.570017
2012-02-15D09:00:00.000000000,1.5681,1.569378
2012-02-15D09:15:00.000000000,1.56883,1.569195
2012-02-15D09:30:00.000000000,1.56798,1.56879
2012-02-15D09:45:00.000000000,1.56848,1.568687
2012-02-15D10:00:00.000000000,1.56928,1.568885
2012-02-15D10:15:00.000000000,1.56846,1.568743
2012-02-15D10:30:00.000000000,1.56888,1.568789
2012-02-15D10:45:00.000000000,1.56959,1.569056
2012-02-15D11:00:00.000000000,1.56971,1.569274
2012-02-15D11:15:00.000000000,1.57091,1.569819
2012-02-15D11:30:00.000000000,1.57193,1.570523
2012-02-15D11:45:00.000000000,1.57041,1.570485
2012-02-15D12:00:00.000000000,1.57028,1.570417
2012-02-15D12:15:00.000000000,1.57095,1.570595
2012-02-15D12:30:00.000000000,1.57131,1.570833
2012-02-15D12:45:00.000000000,1.57147,1.571045
2012-02-15D13:00:00.000000000,1.56864,1.570244
2012-02-15D13:15:00.000000000,1.5699,1.570129
2012-02-15D13:30:00.000000000,1.56965,1.569969
2012-02-15D13:45:00.000000000,1.56961,1.56985
2012-02-15D14:00:00.000000000,1.5706,1.5701
2012-02-15D14:15:00.000000000,1.57078,1.570326
2012-02-15D14:30:00.000000000,1.56906,1.569904
2012-02-15D14:45:00.000000000,1.56929,1.5697
2012-02-15D15:00:00.000000000,1.56762,1.569006
2012-02-15D15:15:00.000000000,1.56844,1.568818
2012-02-15D15:30:00.000000000,1.56938,1.569005
2012-02-15D15:45:00.000000000,1.56931,1.569107
2012-02-15D16:00:00.000000000,1.56906,1.569091
2012-02-15D16:15:00.000000000,1.56957,1.569251
2012-02-15D16:30:00.000000000,1.57064,1.569714
2012-02-15D16:45:00.000000000,1.57078,1.570069
2012-02-15D17:00:00.000000000,1.5705,1.570213
2012-02-15D17:15:00.000000000,1.5705,1.570309
2012-02-15D17:30:00.000000000,1.56969,1.570102
2012-02-15D17:45:00.000000000,1.57012,1.570108
2012-02-15D18:00:00.000000000,1.57016,1.570125
2012-02-15D18:15:00.000000000,1.57004,1.570097
2012-02-15D18:30:00.000000000,1.57007,1.570088
2012-02-15D18:45:00.000000000,1.57071,1.570295
2012-02-15D19:00:00.000000000,1.56848,1.56969
2012-02-15D19:15:00.000000000,1.56998,1.569787
2012-02-15D19:30:00.000000000,1.56925,1.569608
2012-02-15D19:45:00.000000000,1.56903,1.569415
2012-02-15D20:00:00.000000000,1.56917,1.569334
2012-02-15D20:15:00.000000000,1.56914,1.569269
2012-02-15D20:30:00.000000000,1.57026,1.569599
2012-02-15D20:45:00.000000000,1.56988,1.569693
2012-02-15D21:00:00.000000000,1.57005,1.569812
2012-02-15D21:15:00.000000000,1.56957,1.569731
2012-02-15D21:30:00.000000000,1.56905,1.569504
2012-02-15D21:45:00.000000000,1.5693,1.569436
2012-02-15D22:00:00.000000000,1.56916,1.569344
2012-02-15D22:15:00.000000000,1.56882,1.569169
2012-02-15D22:30:00.000000000,1.56881,1.56905
2012-02-15D22:45:00.000000000,1.56886,1.568986
2012-02-15D23:00:00.000000000,1.56865,1.568874
2012-02-15D23:15:00.000000000,1.56883,1.56886
2012-02-15D23:30:00.000000000,1.56936,1.569026
2012-02-15D23:45:00.000000000,1.56837,1.568808
2012-02-16D00:00:00.000000000,1.56871,1.568775
2012-02-16D00:15:00.000000000,1.56839,1.568647
2012-02-16D00:30:00.000000000,1.56848,1.568591
2012-02-16D00:45:00.000000000,1.56865,1.568611
2012-02-16D01:00:00.000000000,1.568,1.568407
2012-02-16D01:15:00.000000000,1.56819,1.568335
2012-02-16D01:30:00.000000000,1.568,1.568223
2012-02-16D01:45:00.000000000,1.56808,1.568175
2012-02-16D02:00:00.000000000,1.56748,1.567944
2012-02-16D02:15:00.000000000,1.56658,1.567489
2012-02-16D02:30:00.000000000,1.56768,1.567553
2012-02-16D02:45:00.000000000,1.5673,1.567468
2012-02-16D03:00:00.000000000,1.56707,1.567336
2012-02-16D03:15:00.000000000,1.56706,1.567244
2012-02-16D03:30:00.000000000,1.56759,1.567359
2012-02-16D03:45:00.000000000,1.56773,1.567483
2012-02-16D04:00:00.000000000,1.56743,1.567465
2012-02-16D04:15:00.000000000,1.56757,1.5675
2012-02-16D04:30:00.000000000,1.56761,1.567537
2012-02-16D04:45:00.000000000,1.56696,1.567345
2012-02-16D05:00:00.000000000,1.56654,1.567076
2012-02-16D05:15:00.000000000,1.56677,1.566974
2012-02-16D05:30:00.000000000,1.56703,1.566993
2012-02-16D05:45:00.000000000,1.5668,1.566929
2012-02-16D06:00:00.000000000,1.56703,1.566962
2012-02-16D06:15:00.000000000,1.567,1.566975
2012-02-16D06:30:00.000000000,1.56671,1.566887
2012-02-16D06:45:00.000000000,1.56676,1.566844
2012-02-16D07:00:00.000000000,1.56775,1.567146
2012-02-16D07:15:00.000000000,1.56734,1.567211
2012-02-16D07:30:00.000000000,1.56811,1.567511
2012-02-16D07:45:00.000000000,1.56875,1.567924
2012-02-16D08:00:00.000000000,1.56814,1.567996
2012-02-16D08:15:00.000000000,1.56691,1.567634
2012-02-16D08:30:00.000000000,1.56657,1.567279
2012-02-16D08:45:00.000000000,1.56752,1.567359
2012-02-16D09:00:00.000000000,1.56729,1.567336
2012-02-16D09:15:00.000000000,1.56743,1.567368
2012-02-16D09:30:00.000000000,1.56757,1.567435
2012-02-16D09:45:00.000000000,1.56754,1.56747
2012-02-16D10:00:00.000000000,1.56759,1.56751
2012-02-16D10:15:00.000000000,1.56796,1.56766
2012-02-16D10:30:00.000000000,1.56683,1.567383
2012-02-16D10:45:00.000000000,1.56775,1.567506
2012-02-16D11:00:00.000000000,1.56708,1.567364
2012-02-16D11:15:00.000000000,1.56745,1.567392
2012-02-16D11:30:00.000000000,1.56774,1.567508
2012-02-16D11:45:00.000000000,1.568,1.567672
2012-02-16D12:00:00.000000000,1.5685,1.567948
2012-02-16D12:15:00.000000000,1.56788,1.567925
2012-02-16D12:30:00.000000000,1.5671,1.56765
2012-02-16D12:45:00.000000000,1.56655,1.567284
2012-02-16D13:00:00.000000000,1.56697,1.567179
2012-02-16D13:15:00.000000000,1.56697,1.567109
2012-02-16D13:30:00.000000000,1.56821,1.567476
2012-02-16D13:45:00.000000000,1.56729,1.567414
2012-02-16D14:00:00.000000000,1.56922,1.568016
2012-02-16D14:15:00.000000000,1.56933,1.568454
2012-02-16D14:30:00.000000000,1.56926,1.568723
2012-02-16D14:45:00.000000000,1.57014,1.569195
2012-02-16D15:00:00.000000000,1.57238,1.570257
2012-02-16D15:15:00.000000000,1.57505,1.571855
2012-02-16D15:30:00.000000000,1.57579,1.573166
2012-02-16D15:45:00.000000000,1.57482,1.573718
2012-02-16D16:00:00.000000000,1.5746,1.574012
2012-02-16D16:15:00.000000000,1.57534,1.574454
2012-02-16D16:30:00.000000000,1.57746,1.575456
2012-02-16D16:45:00.000000000,1.57937,1.576761
2012-02-16D17:00:00.000000000,1.5789,1.577474
2012-02-16D17:15:00.000000000,1.57906,1.578003
2012-02-16D17:30:00.000000000,1.57866,1.578222
2012-02-16D17:45:00.000000000,1.57832,1.578254
2012-02-16D18:00:00.000000000,1.57957,1.578693
2012-02-16D18:15:00.000000000,1.57895,1.578779
2012-02-16D18:30:00.000000000,1.57947,1.579009
2012-02-16D18:45:00.000000000,1.57908,1.579033
2012-02-16D19:00:00.000000000,1.57911,1.579058
2012-02-16D19:15:00.000000000,1.58029,1.579469
2012-02-16D19:30:00.000000000,1.58009,1.579676
2012-02-16D19:45:00.000000000,1.5801,1.579817
2012-02-16D20:00:00.000000000,1.58013,1.579922
2012-02-16D20:15:00.000000000,1.58007,1.579971
2012-02-16D20:30:00.000000000,1.5808,1.580247
2012-02-16D20:45:00.000000000,1.58033,1.580275
2012-02-16D21:00:00.000000000,1.58026,1.58027
2012-02-16D21:15:00.000000000,1.58023,1.580257
2012-02-16D21:30:00.000000000,1.5799,1.580138
2012-02-16D21:45:00.000000000,1.57997,1.580082
2012-02-16D22:00:00.000000000,1.57969,1.579951
2012-02-16D22:15:00.000000000,1.57934,1.579747
2012-02-16D22:30:00.000000000,1.58029,1.579928
2012-02-16D22:45:00.000000000,1.58041,1.580089
2012-02-16D23:00:00.000000000,1.58003,1.580069
2012-02-16D23:15:00.000000000,1.58056,1.580233
2012-02-16D23:30:00.000000000,1.58032,1.580262
2012-02-16D23:45:00.000000000,1.5804,1.580308
2012-02-17D00:00:00.000000000,1.58056,1.580392
2012-02-17D00:15:00.000000000,1.58064,1.580475
2012-02-17D00:30:00.000000000,1.58128,1.580743
2012-02-17D00:45:00.000000000,1.58099,1.580825
2012-02-17D01:00:00.000000000,1.58092,1.580857
2012-02-17D01:15:00.000000000,1.58075,1.580821
2012-02-17D01:30:00.000000000,1.58161,1.581084
2012-02-17D01:45:00.000000000,1.58132,1.581163
2012-02-17D02:00:00.000000000,1.5812,1.581175
2012-02-17D02:15:00.000000000,1.58054,1.580963
2012-02-17D02:30:00.000000000,1.5805,1.580809
2012-02-17D02:45:00.000000000,1.58059,1.580736
2012-02-17D03:00:00.000000000,1.58047,1.580647
2012-02-17D03:15:00.000000000,1.5804,1.580565
2012-02-17D03:30:00.000000000,1.57999,1.580373
2012-02-17D03:45:00.000000000,1.58048,1.580409
2012-02-17D04:00:00.000000000,1.58062,1.580479
2012-02-17D04:15:00.000000000,1.58045,1.580469
2012-02-17D04:30:00.000000000,1.58052,1.580486
2012-02-17D04:45:00.000000000,1.58055,1.580508
2012-02-17D05:00:00.000000000,1.58057,1.580528
2012-02-17D05:15:00.000000000,1.58066,1.580572
2012-02-17D05:30:00.000000000,1.58082,1.580655
2012-02-17D05:45:00.000000000,1.58037,1.58056
2012-02-17D06:00:00.000000000,1.58056,1.58056
2012-02-17D06:15:00.000000000,1.57972,1.58028
2012-02-17D06:30:00.000000000,1.57952,1.580027
2012-02-17D06:45:00.000000000,1.57941,1.579821
2012-02-17D07:00:00.000000000,1.57982,1.579821
2012-02-17D07:15:00.000000000,1.57996,1.579867
2012-02-17D07:30:00.000000000,1.58043,1.580055
2012-02-17D07:45:00.000000000,1.58068,1.580263
2012-02-17D08:00:00.000000000,1.57981,1.580112
2012-02-17D08:15:00.000000000,1.57929,1.579838
2012-02-17D08:30:00.000000000,1.5798,1.579825
2012-02-17D08:45:00.000000000,1.57972,1.57979
2012-02-17D09:00:00.000000000,1.58172,1.580434
2012-02-17D09:15:00.000000000,1.58187,1.580912
2012-02-17D09:30:00.000000000,1.58517,1.582332
2012-02-17D09:45:00.000000000,1.58515,1.583271
2012-02-17D10:00:00.000000000,1.58504,1.583861
2012-02-17D10:15:00.000000000,1.58402,1.583914
2012-02-17D10:30:00.000000000,1.58458,1.584136
2012-02-17D10:45:00.000000000,1.58412,1.584131
2012-02-17D11:00:00.000000000,1.5839,1.584054
2012-02-17D11:15:00.000000000,1.58464,1.584249
2012-02-17D11:30:00.000000000,1.58304,1.583846
2012-02-17D11:45:00.000000000,1.58292,1.583537
2012-02-17D12:00:00.000000000,1.5839,1.583658
2012-02-17D12:15:00.000000000,1.58381,1.583709
2012-02-17D12:30:00.000000000,1.58342,1.583613
2012-02-17D12:45:00.000000000,1.58483,1.584018
2012-02-17D13:00:00.000000000,1.5832,1.583746
2012-02-17D13:15:00.000000000,1.58408,1.583857
2012-02-17D13:30:00.000000000,1.58243,1.583381
2012-02-17D13:45:00.000000000,1.58164,1.582801
2012-02-17D14:00:00.000000000,1.58211,1.582571
2012-02-17D14:15:00.000000000,1.5831,1.582747
2012-02-17D14:30:00.000000000,1.58261,1.582701
2012-02-17D14:45:00.000000000,1.58139,1.582264
2012-02-17D15:00:00.000000000,1.5804,1.581643
2012-02-17D15:15:00.000000000,1.58147,1.581585
2012-02-17D15:30:00.000000000,1.58189,1.581687
2012-02-17D15:45:00.000000000,1.58147,1.581615
2012-02-17D16:00:00.000000000,1.5812,1.581476
2012-02-17D16:15:00.000000000,1.58114,1.581364
2012-02-17D16:30:00.000000000,1.58161,1.581446
2012-02-17D16:45:00.000000000,1.58132,1.581404
2012-02-17D17:00:00.000000000,1.5823,1.581703
2012-02-17D17:15:00.000000000,1.58225,1.581885
2012-02-17D17:30:00.000000000,1.58216,1.581977
2012-02-17D17:45:00.000000000,1.58338,1.582445
2012-02-17D18:00:00.000000000,1.58319,1.582693
2012-02-17D18:15:00.000000000,1.58284,1.582742
2012-02-17D18:30:00.000000000,1.58342,1.582968
2012-02-17D18:45:00.000000000,1.58311,1.583015
2012-02-17D19:00:00.000000000,1.58336,1.58313
2012-02-17D19:15:00.000000000,1.58344,1.583233
2012-02-17D19:30:00.000000000,1.58353,1.583332
2012-02-17D19:45:00.000000000,1.58418,1.583615
2012-02-17D20:00:00.000000000,1.58428,1.583837
2012-02-17D20:15:00.000000000,1.58354,1.583738
2012-02-17D20:30:00.000000000,1.58354,1.583672
2012-02-17D20:45:00.000000000,1.58332,1.583555
2012-02-17D21:00:00.000000000,1.58381,1.58364
2012-02-17D21:15:00.000000000,1.58347,1.583583
2012-02-17D21:30:00.000000000,1.58272,1.583295
2012-02-17D21:45:00.000000000,1.58441,1.583667
2012-02-19D22:00:00.000000000,1.58633,1.584555
2012-02-19D22:15:00.000000000,1.58493,1.58468
2012-02-19D22:30:00.000000000,1.5859,1.585087
2012-02-19D22:45:00.000000000,1.58593,1.585368
2012-02-19D23:00:00.000000000,1.58719,1.585975
2012-02-19D23:15:00.000000000,1.58658,1.586177
2012-02-19D23:30:00.000000000,1.5867,1.586351
2012-02-19D23:45:00.000000000,1.58642,1.586374
2012-02-20D00:00:00.000000000,1.58731,1.586686
2012-02-20D00:15:00.000000000,1.5871,1.586824
2012-02-20D00:30:00.000000000,1.5875,1.587049
2012-02-20D00:45:00.000000000,1.58774,1.58728
2012-02-20D01:00:00.000000000,1.58756,1.587373
2012-02-20D01:15:00.000000000,1.58729,1.587345
2012-02-20D01:30:00.000000000,1.58729,1.587327
2012-02-20D01:45:00.000000000,1.58747,1.587375
2012-02-20D02:00:00.000000000,1.58744,1.587396
2012-02-20D02:15:00.000000000,1.58759,1.587461
2012-02-20D02:30:00.000000000,1.58758,1.587501
2012-02-20D02:45:00.000000000,1.58739,1.587464
2012-02-20D03:00:00.000000000,1.58732,1.587416
2012-02-20D03:15:00.000000000,1.58778,1.587537
2012-02-20D03:30:00.000000000,1.58775,1.587608
2012-02-20D03:45:00.000000000,1.58776,1.587659
2012-02-20D04:00:00.000000000,1.58759,1.587636
2012-02-20D04:15:00.000000000,1.58753,1.587601
2012-02-20D04:30:00.000000000,1.58742,1.58754
2012-02-20D04:45:00.000000000,1.58747,1.587517
2012-02-20D05:00:00.000000000,1.58731,1.587448
2012-02-20D05:15:00.000000000,1.58717,1.587355
2012-02-20D05:30:00.000000000,1.58726,1.587324
2012-02-20D05:45:00.000000000,1.5872,1.587282
2012-02-20D06:00:00.000000000,1.58695,1.587172
2012-02-20D06:15:00.000000000,1.58743,1.587258
2012-02-20D06:30:00.000000000,1.58739,1.587302
2012-02-20D06:45:00.000000000,1.58718,1.587261
2012-02-20D07:00:00.000000000,1.58677,1.587097
2012-02-20D07:15:00.000000000,1.58562,1.586605
2012-02-20D07:30:00.000000000,1.58573,1.586313
2012-02-20D07:45:00.000000000,1.58597,1.586199
2012-02-20D08:00:00.000000000,1.58557,1.585989
2012-02-20D08:15:00.000000000,1.58592,1.585966
2012-02-20D08:30:00.000000000,1.58602,1.585984
2012-02-20D08:45:00.000000000,1.58515,1.585706
2012-02-20D09:00:00.000000000,1.58625,1.585887
2012-02-20D09:15:00.000000000,1.5862,1.585992
2012-02-20D09:30:00.000000000,1.58605,1.586011
2012-02-20D09:45:00.000000000,1.58597,1.585997
2012-02-20D10:00:00.000000000,1.58438,1.585458
2012-02-20D10:15:00.000000000,1.58511,1.585342
2012-02-20D10:30:00.000000000,1.58453,1.585071
2012-02-20D10:45:00.000000000,1.58468,1.584941
2012-02-20D11:00:00.000000000,1.5862,1.585361
2012-02-20D11:15:00.000000000,1.58771,1.586144
2012-02-20D11:30:00.000000000,1.58721,1.586499
2012-02-20D11:45:00.000000000,1.58717,1.586723
2012-02-20D12:00:00.000000000,1.58686,1.586769
2012-02-20D12:15:00.000000000,1.58619,1.586576
2012-02-20D12:30:00.000000000,1.58556,1.586237
2012-02-20D12:45:00.000000000,1.58643,1.586301
2012-02-20D13:00:00.000000000,1.58605,1.586218
2012-02-20D13:15:00.000000000,1.58681,1.586415
2012-02-20D13:30:00.000000000,1.58653,1.586453
2012-02-20D13:45:00.000000000,1.58635,1.586419
2012-02-20D14:00:00.000000000,1.58561,1.586149
2012-02-20D14:15:00.000000000,1.58593,1.586076
2012-02-20D14:30:00.000000000,1.58606,1.586071
2012-02-20D14:45:00.000000000,1.58487,1.585671
2012-02-20D15:00:00.000000000,1.58537,1.58557
2012-02-20D15:15:00.000000000,1.58598,1.585707
2012-02-20D15:30:00.000000000,1.58648,1.585965
2012-02-20D15:45:00.000000000,1.58697,1.5863
2012-02-20D16:00:00.000000000,1.58692,1.586506
2012-02-20D16:15:00.000000000,1.58629,1.586434
2012-02-20D16:30:00.000000000,1.58528,1.58605
2012-02-20D16:45:00.000000000,1.58491,1.58567
2012-02-20D17:00:00.000000000,1.58437,1.585236
2012-02-20D17:15:00.000000000,1.58473,1.585068
2012-02-20D17:30:00.000000000,1.58434,1.584825
2012-02-20D17:45:00.000000000,1.5846,1.58475
2012-02-20D18:00:00.000000000,1.58484,1.58478
2012-02-20D18:15:00.000000000,1.58495,1.584837
2012-02-20D18:30:00.000000000,1.58477,1.584814
2012-02-20D18:45:00.000000000,1.58489,1.58484
2012-02-20D19:00:00.000000000,1.58449,1.584723
2012-02-20D19:15:00.000000000,1.58479,1.584745
2012-02-20D19:30:00.000000000,1.5848,1.584764
2012-02-20D19:45:00.000000000,1.58416,1.584562
2012-02-20D20:00:00.000000000,1.58462,1.584582
2012-02-20D20:15:00.000000000,1.58479,1.584651
2012-02-20D20:30:00.000000000,1.58481,1.584704
2012-02-20D20:45:00.000000000,1.58471,1.584706
2012-02-20D21:00:00.000000000,1.58452,1.584644
2012-02-20D21:15:00.000000000,1.58469,1.584659
2012-02-20D21:30:00.000000000,1.58498,1.584766
2012-02-20D21:45:00.000000000,1.58485,1.584794
2012-02-20D22:00:00.000000000,1.58488,1.584823
2012-02-20D22:15:00.000000000,1.58446,1.584702
2012-02-20D22:30:00.000000000,1.58484,1.584748
2012-02-20D22:45:00.000000000,1.58384,1.584445
2012-02-20D23:00:00.000000000,1.58335,1.58408
2012-02-20D23:15:00.000000000,1.58231,1.58349
2012-02-20D23:30:00.000000000,1.58267,1.583217
2012-02-20D23:45:00.000000000,1.58278,1.583071
2012-02-21D00:00:00.000000000,1.58273,1.582957
2012-02-21D00:15:00.000000000,1.5827,1.582872
2012-02-21D00:30:00.000000000,1.58286,1.582868
2012-02-21D00:45:00.000000000,1.58291,1.582882
2012-02-21D01:00:00.000000000,1.5829,1.582888
2012-02-21D01:15:00.000000000,1.58251,1.582762
2012-02-21D01:30:00.000000000,1.58264,1.582721
2012-02-21D01:45:00.000000000,1.58222,1.582554
2012-02-21D02:00:00.000000000,1.5819,1.582336
2012-02-21D02:15:00.000000000,1.58198,1.582217
2012-02-21D02:30:00.000000000,1.58107,1.581835
2012-02-21D02:45:00.000000000,1.58374,1.58247
2012-02-21D03:00:00.000000000,1.58542,1.583453
2012-02-21D03:15:00.000000000,1.58466,1.583856
2012-02-21D03:30:00.000000000,1.58408,1.58393
2012-02-21D03:45:00.000000000,1.58399,1.58395
2012-02-21D04:00:00.000000000,1.58398,1.58396
2012-02-21D04:15:00.000000000,1.58405,1.58399
2012-02-21D04:30:00.000000000,1.58404,1.584007
2012-02-21D04:45:00.000000000,1.58496,1.584324
2012-02-21D05:00:00.000000000,1.58482,1.58449
2012-02-21D05:15:00.000000000,1.58514,1.584706
2012-02-21D05:30:00.000000000,1.5853,1.584904
2012-02-21D05:45:00.000000000,1.5854,1.58507
2012-02-21D06:00:00.000000000,1.5846,1.584913
2012-02-21D06:15:00.000000000,1.58559,1.585139
2012-02-21D06:30:00.000000000,1.58562,1.585299
2012-02-21D06:45:00.000000000,1.58579,1.585463
2012-02-21D07:00:00.000000000,1.58443,1.585118
2012-02-21D07:15:00.000000000,1.58442,1.584886
2012-02-21D07:30:00.000000000,1.58511,1.58496
2012-02-21D07:45:00.000000000,1.58581,1.585244
2012-02-21D08:00:00.000000000,1.58486,1.585116
2012-02-21D08:15:00.000000000,1.58421,1.584814
2012-02-21D08:30:00.000000000,1.5844,1.584676
2012-02-21D08:45:00.000000000,1.58517,1.584841
2012-02-21D09:00:00.000000000,1.58571,1.58513
2012-02-21D09:15:00.000000000,1.58455,1.584937
2012-02-21D09:30:00.000000000,1.58549,1.585121
2012-02-21D09:45:00.000000000,1.58439,1.584878
2012-02-21D10:00:00.000000000,1.58269,1.584148
2012-02-21D10:15:00.000000000,1.58184,1.583379
2012-02-21D10:30:00.000000000,1.5803,1.582353
2012-02-21D10:45:00.000000000,1.58107,1.581925
2012-02-21D11:00:00.000000000,1.57984,1.58123
2012-02-21D11:15:00.000000000,1.58064,1.581033
2012-02-21D11:30:00.000000000,1.5798,1.580622
2012-02-21D11:45:00.000000000,1.5801,1.580448
2012-02-21D12:00:00.000000000,1.58089,1.580595
2012-02-21D12:15:00.000000000,1.5814,1.580864
2012-02-21D12:30:00.000000000,1.58205,1.581259
2012-02-21D12:45:00.000000000,1.58148,1.581333
2012-02-21D13:00:00.000000000,1.58081,1.581158
2012-02-21D13:15:00.000000000,1.58065,1.580989
2012-02-21D13:30:00.000000000,1.57792,1.579966
2012-02-21D13:45:00.000000000,1.57879,1.579574
2012-02-21D14:00:00.000000000,1.57947,1.579539
2012-02-21D14:15:00.000000000,1.57979,1.579623
2012-02-21D14:30:00.000000000,1.57954,1.579595
2012-02-21D14:45:00.000000000,1.57838,1.57919
2012-02-21D15:00:00.000000000,1.57907,1.57915
2012-02-21D15:15:00.000000000,1.57893,1.579077
2012-02-21D15:30:00.000000000,1.58019,1.579448
2012-02-21D15:45:00.000000000,1.58194,1.580279
2012-02-21D16:00:00.000000000,1.5805,1.580352
2012-02-21D16:15:00.000000000,1.58028,1.580328
2012-02-21D16:30:00.000000000,1.57968,1.580112
2012-02-21D16:45:00.000000000,1.57949,1.579905
2012-02-21D17:00:00.000000000,1.58033,1.580047
2012-02-21D17:15:00.000000000,1.58048,1.580191
2012-02-21D17:30:00.000000000,1.5798,1.580061
2012-02-21D17:45:00.000000000,1.57951,1.579877
2012-02-21D18:00:00.000000000,1.58002,1.579925
2012-02-21D18:15:00.000000000,1.58022,1.580023
2012-02-21D18:30:00.000000000,1.57992,1.579989
2012-02-21D18:45:00.000000000,1.57864,1.579539
2012-02-21D19:00:00.000000000,1.57861,1.579229
2012-02-21D19:15:00.000000000,1.57889,1.579116
2012-02-21D19:30:00.000000000,1.57853,1.578921
2012-02-21D19:45:00.000000000,1.57841,1.578751
2012-02-21D20:00:00.000000000,1.57762,1.578374
2012-02-21D20:15:00.000000000,1.57818,1.578309
2012-02-21D20:30:00.000000000,1.5784,1.578339
2012-02-21D20:45:00.000000000,1.5781,1.57826
2012-02-21D21:00:00.000000000,1.57847,1.57833
2012-02-21D21:15:00.000000000,1.57843,1.578363
2012-02-21D21:30:00.000000000,1.57822,1.578315
2012-02-21D21:45:00.000000000,1.57773,1.57812
2012-02-21D22:00:00.000000000,1.57814,1.578127
2012-02-21D22:15:00.000000000,1.57771,1.577988
2012-02-21D22:30:00.000000000,1.57781,1.577929
2012-02-21D22:45:00.000000000,1.5779,1.577919
2012-02-21D23:00:00.000000000,1.57767,1.577836
2012-02-21D23:15:00.000000000,1.5783,1.577991
2012-02-21D23:30:00.000000000,1.57843,1.578137
2012-02-21D23:45:00.000000000,1.57903,1.578435
2012-02-22D00:00:00.000000000,1.57824,1.57837
2012-02-22D00:15:00.000000000,1.57802,1.578253
2012-02-22D00:30:00.000000000,1.57811,1.578205
2012-02-22D00:45:00.000000000,1.57774,1.57805
2012-02-22D01:00:00.000000000,1.57727,1.57779
2012-02-22D01:15:00.000000000,1.57668,1.57742
2012-02-22D01:30:00.000000000,1.57669,1.577177
2012-02-22D01:45:00.000000000,1.57681,1.577055
2012-02-22D02:00:00.000000000,1.57697,1.577026
2012-02-22D02:15:00.000000000,1.57754,1.577198
2012-02-22D02:30:00.000000000,1.57736,1.577252
2012-02-22D02:45:00.000000000,1.57696,1.577154
2012-02-22D03:00:00.000000000,1.57762,1.57731
2012-02-22D03:15:00.000000000,1.57765,1.577423
2012-02-22D03:30:00.000000000,1.5783,1.577715
2012-02-22D03:45:00.000000000,1.57867,1.578034
2012-02-22D04:00:00.000000000,1.57859,1.578219
2012-02-22D04:15:00.000000000,1.57842,1.578286
2012-02-22D04:30:00.000000000,1.57834,1.578304
2012-02-22D04:45:00.000000000,1.57821,1.578273
2012-02-22D05:00:00.000000000,1.57809,1.578212
2012-02-22D05:15:00.000000000,1.57798,1.578135
2012-02-22D05:30:00.000000000,1.57888,1.578383
2012-02-22D05:45:00.000000000,1.57898,1.578582
2012-02-22D06:00:00.000000000,1.57884,1.578668
2012-02-22D06:15:00.000000000,1.579,1.578779
2012-02-22D06:30:00.000000000,1.57963,1.579062
2012-02-22D06:45:00.000000000,1.57927,1.579132
2012-02-22D07:00:00.000000000,1.57911,1.579124
2012-02-22D07:15:00.000000000,1.57898,1.579076
2012-02-22D07:30:00.000000000,1.57961,1.579254
2012-02-22D07:45:00.000000000,1.58032,1.579609
2012-02-22D08:00:00.000000000,1.57777,1.578996
2012-02-22D08:15:00.000000000,1.5773,1.578431
2012-02-22D08:30:00.000000000,1.57688,1.577914
2012-02-22D08:45:00.000000000,1.5773,1.577709
2012-02-22D09:00:00.000000000,1.57657,1.57733
2012-02-22D09:15:00.000000000,1.57744,1.577366
2012-02-22D09:30:00.000000000,1.57045,1.575061
2012-02-22D09:45:00.000000000,1.57022,1.573447
2012-02-22D10:00:00.000000000,1.57077,1.572555
2012-02-22D10:15:00.000000000,1.57175,1.572287
2012-02-22D10:30:00.000000000,1.57222,1.572264
2012-02-22D10:45:00.000000000,1.57225,1.57226
2012-02-22D11:00:00.000000000,1.57111,1.571876
2012-02-22D11:15:00.000000000,1.57112,1.571624
2012-02-22D11:30:00.000000000,1.57059,1.57128
2012-02-22D11:45:00.000000000,1.57006,1.570873
2012-02-22D12:00:00.000000000,1.5694,1.570382
2012-02-22D12:15:00.000000000,1.56871,1.569825
2012-02-22D12:30:00.000000000,1.57009,1.569913
2012-02-22D12:45:00.000000000,1.56768,1.569169
2012-02-22D13:00:00.000000000,1.56746,1.568599
2012-02-22D13:15:00.000000000,1.56694,1.568046
2012-02-22D13:30:00.000000000,1.56627,1.567454
2012-02-22D13:45:00.000000000,1.56753,1.567479
2012-02-22D14:00:00.000000000,1.56764,1.567533
2012-02-22D14:15:00.000000000,1.56599,1.567019
2012-02-22D14:30:00.000000000,1.56539,1.566476
2012-02-22D14:45:00.000000000,1.56603,1.566327
2012-02-22D15:00:00.000000000,1.56583,1.566161
2012-02-22D15:15:00.000000000,1.56734,1.566554
2012-02-22D15:30:00.000000000,1.56722,1.566776
2012-02-22D15:45:00.000000000,1.5668,1.566784
2012-02-22D16:00:00.000000000,1.56834,1.567303
2012-02-22D16:15:00.000000000,1.56811,1.567572
2012-02-22D16:30:00.000000000,1.56731,1.567485
2012-02-22D16:45:00.000000000,1.56759,1.56752
2012-02-22D17:00:00.000000000,1.56685,1.567296
2012-02-22D17:15:00.000000000,1.56713,1.567241
2012-02-22D17:30:00.000000000,1.56712,1.567201
2012-02-22D17:45:00.000000000,1.56634,1.566914
2012-02-22D18:00:00.000000000,1.56714,1.566989
2012-02-22D18:15:00.000000000,1.56762,1.567199
2012-02-22D18:30:00.000000000,1.56792,1.56744
2012-02-22D18:45:00.000000000,1.56797,1.567616
2012-02-22D19:00:00.000000000,1.5678,1.567678
2012-02-22D19:15:00.000000000,1.56778,1.567712
2012-02-22D19:30:00.000000000,1.56715,1.567524
2012-02-22D19:45:00.000000000,1.56719,1.567413
2012-02-22D20:00:00.000000000,1.56792,1.567582
2012-02-22D20:15:00.000000000,1.56731,1.567491
2012-02-22D20:30:00.000000000,1.56715,1.567378
2012-02-22D20:45:00.000000000,1.56671,1.567155
2012-02-22D21:00:00.000000000,1.56657,1.56696
2012-02-22D21:15:00.000000000,1.56654,1.56682
2012-02-22D21:30:00.000000000,1.56647,1.566703
2012-02-22D21:45:00.000000000,1.56676,1.566722
2012-02-22D22:00:00.000000000,1.56694,1.566795
2012-02-22D22:15:00.000000000,1.56672,1.56677
2012-02-22D22:30:00.000000000,1.56665,1.56673
2012-02-22D22:45:00.000000000,1.56678,1.566747
2012-02-22D23:00:00.000000000,1.56604,1.566511
2012-02-22D23:15:00.000000000,1.56618,1.566401
2012-02-22D23:30:00.000000000,1.56618,1.566327
2012-02-22D23:45:00.000000000,1.56695,1.566535
2012-02-23D00:00:00.000000000,1.56673,1.5666
2012-02-23D00:15:00.000000000,1.56627,1.56649
2012-02-23D00:30:00.000000000,1.56611,1.566363
2012-02-23D00:45:00.000000000,1.56562,1.566116
2012-02-23D01:00:00.000000000,1.56523,1.56582
2012-02-23D01:15:00.000000000,1.56589,1.565844
2012-02-23D01:30:00.000000000,1.56619,1.565959
2012-02-23D01:45:00.000000000,1.56622,1.566046
2012-02-23D02:00:00.000000000,1.56642,1.566171
2012-02-23D02:15:00.000000000,1.56632,1.56622
2012-02-23D02:30:00.000000000,1.5666,1.566347
2012-02-23D02:45:00.000000000,1.5668,1.566498
2012-02-23D03:00:00.000000000,1.56699,1.566662
2012-02-23D03:15:00.000000000,1.56664,1.566655
2012-02-23D03:30:00.000000000,1.56711,1.566806
2012-02-23D03:45:00.000000000,1.56725,1.566954
2012-02-23D04:00:00.000000000,1.567,1.56697
2012-02-23D04:15:00.000000000,1.56747,1.567136
2012-02-23D04:30:00.000000000,1.56733,1.567201
2012-02-23D04:45:00.000000000,1.567,1.567134
2012-02-23D05:00:00.000000000,1.56703,1.567099
2012-02-23D05:15:00.000000000,1.56707,1.56709
2012-02-23D05:30:00.000000000,1.56729,1.567156
2012-02-23D05:45:00.000000000,1.56722,1.567178
2012-02-23D06:00:00.000000000,1.56761,1.567322
2012-02-23D06:15:00.000000000,1.56732,1.567321
2012-02-23D06:30:00.000000000,1.56777,1.567471
2012-02-23D06:45:00.000000000,1.56954,1.568161
2012-02-23D07:00:00.000000000,1.56881,1.568377
2012-02-23D07:15:00.000000000,1.56952,1.568758
2012-02-23D07:30:00.000000000,1.56919,1.568902
2012-02-23D07:45:00.000000000,1.56873,1.568845
2012-02-23D08:00:00.000000000,1.56967,1.56912
2012-02-23D08:15:00.000000000,1.56987,1.56937
2012-02-23D08:30:00.000000000,1.56875,1.569163
2012-02-23D08:45:00.000000000,1.56955,1.569292
2012-02-23D09:00:00.000000000,1.56975,1.569445
2012-02-23D09:15:00.000000000,1.57057,1.56982
2012-02-23D09:30:00.000000000,1.57135,1.57033
2012-02-23D09:45:00.000000000,1.5722,1.570953
2012-02-23D10:00:00.000000000,1.57144,1.571116
2012-02-23D10:15:00.000000000,1.57096,1.571064
2012-02-23D10:30:00.000000000,1.57157,1.571232
2012-02-23D10:45:00.000000000,1.57133,1.571265
2012-02-23D11:00:00.000000000,1.57094,1.571157
2012-02-23D11:15:00.000000000,1.57167,1.571328
2012-02-23D11:30:00.000000000,1.5717,1.571452
2012-02-23D11:45:00.000000000,1.57156,1.571488
2012-02-23D12:00:00.000000000,1.57091,1.571295
2012-02-23D12:15:00.000000000,1.57147,1.571354
2012-02-23D12:30:00.000000000,1.57161,1.571439
2012-02-23D12:45:00.000000000,1.57186,1.571579
2012-02-23D13:00:00.000000000,1.57177,1.571643
2012-02-23D13:15:00.000000000,1.57201,1.571765
2012-02-23D13:30:00.000000000,1.5713,1.57161
2012-02-23D13:45:00.000000000,1.57237,1.571863
2012-02-23D14:00:00.000000000,1.57158,1.571769
2012-02-23D14:15:00.000000000,1.57035,1.571296
2012-02-23D14:30:00.000000000,1.5693,1.570631
2012-02-23D14:45:00.000000000,1.56838,1.56988
2012-02-23D15:00:00.000000000,1.56986,1.569874
2012-02-23D15:15:00.000000000,1.56983,1.569859
2012-02-23D15:30:00.000000000,1.56947,1.569729
2012-02-23D15:45:00.000000000,1.57008,1.569846
2012-02-23D16:00:00.000000000,1.57025,1.569981
2012-02-23D16:15:00.000000000,1.56985,1.569937
2012-02-23D16:30:00.000000000,1.56948,1.569785
2012-02-23D16:45:00.000000000,1.56983,1.5698
2012-02-23D17:00:00.000000000,1.56983,1.56981
2012-02-23D17:15:00.000000000,1.56985,1.569823
2012-02-23D17:30:00.000000000,1.57046,1.570036
2012-02-23D17:45:00.000000000,1.57036,1.570144
2012-02-23D18:00:00.000000000,1.57071,1.570332
2012-02-23D18:15:00.000000000,1.57112,1.570595
2012-02-23D18:30:00.000000000,1.57102,1.570737
2012-02-23D18:45:00.000000000,1.57134,1.570938
2012-02-23D19:00:00.000000000,1.5714,1.571092
2012-02-23D19:15:00.000000000,1.57154,1.571241
2012-02-23D19:30:00.000000000,1.57146,1.571314
2012-02-23D19:45:00.000000000,1.57151,1.571379
2012-02-23D20:00:00.000000000,1.57363,1.57213
2012-02-23D20:15:00.000000000,1.57328,1.572513
2012-02-23D20:30:00.000000000,1.57347,1.572832
2012-02-23D20:45:00.000000000,1.57333,1.572998
2012-02-23D21:00:00.000000000,1.57345,1.573149
2012-02-23D21:15:00.000000000,1.57438,1.573559
2012-02-23D21:30:00.000000000,1.57438,1.573833
2012-02-23D21:45:00.000000000,1.57455,1.574072
2012-02-23D22:00:00.000000000,1.57448,1.574208
2012-02-23D22:15:00.000000000,1.57394,1.574119
2012-02-23D22:30:00.000000000,1.57402,1.574086
2012-02-23D22:45:00.000000000,1.57449,1.57422
2012-02-23D23:00:00.000000000,1.57442,1.574287
2012-02-23D23:15:00.000000000,1.57467,1.574415
2012-02-23D23:30:00.000000000,1.57464,1.57449
2012-02-23D23:45:00.000000000,1.57416,1.57438
2012-02-24D00:00:00.000000000,1.57445,1.574403
2012-02-24D00:15:00.000000000,1.57439,1.574399
2012-02-24D00:30:00.000000000,1.57427,1.574356
2012-02-24D00:45:00.000000000,1.57482,1.574511
2012-02-24D01:00:00.000000000,1.57496,1.57466
2012-02-24D01:15:00.000000000,1.57505,1.57479
2012-02-24D01:30:00.000000000,1.57455,1.57471
2012-02-24D01:45:00.000000000,1.57438,1.5746
2012-02-24D02:00:00.000000000,1.57469,1.57463
2012-02-24D02:15:00.000000000,1.57442,1.57456
2012-02-24D02:30:00.000000000,1.57436,1.574493
2012-02-24D02:45:00.000000000,1.57432,1.574436
2012-02-24D03:00:00.000000000,1.57445,1.57444
2012-02-24D03:15:00.000000000,1.57422,1.574367
2012-02-24D03:30:00.000000000,1.57427,1.574335
2012-02-24D03:45:00.000000000,1.57414,1.57427
2012-02-24D04:00:00.000000000,1.57409,1.57421
2012-02-24D04:15:00.000000000,1.57399,1.574137
2012-02-24D04:30:00.000000000,1.57388,1.574051
2012-02-24D04:45:00.000000000,1.57439,1.574164
2012-02-24D05:00:00.000000000,1.57429,1.574206
2012-02-24D05:15:00.000000000,1.57456,1.574324
2012-02-24D05:30:00.000000000,1.57416,1.574269
2012-02-24D05:45:00.000000000,1.57354,1.574026
2012-02-24D06:00:00.000000000,1.57295,1.573667
2012-02-24D06:15:00.000000000,1.57278,1.573372
2012-02-24D06:30:00.000000000,1.57323,1.573324
2012-02-24D06:45:00.000000000,1.57351,1.573386
2012-02-24D07:00:00.000000000,1.57432,1.573698
2012-02-24D07:15:00.000000000,1.57428,1.573892
2012-02-24D07:30:00.000000000,1.57321,1.573664
2012-02-24D07:45:00.000000000,1.57292,1.573416
2012-02-24D08:00:00.000000000,1.5747,1.573844
2012-02-24D08:15:00.000000000,1.57475,1.574146
2012-02-24D08:30:00.000000000,1.57544,1.574577
2012-02-24D08:45:00.000000000,1.57765,1.575602
2012-02-24D09:00:00.000000000,1.57843,1.576544
2012-02-24D09:15:00.000000000,1.57941,1.5775
2012-02-24D09:30:00.000000000,1.57963,1.57821
2012-02-24D09:45:00.000000000,1.58052,1.57898
2012-02-24D10:00:00.000000000,1.58084,1.5796
2012-02-24D10:15:00.000000000,1.58038,1.57986
2012-02-24D10:30:00.000000000,1.57938,1.5797
2012-02-24D10:45:00.000000000,1.57954,1.579647
2012-02-24D11:00:00.000000000,1.57991,1.579734
2012-02-24D11:15:00.000000000,1.5803,1.579923
2012-02-24D11:30:00.000000000,1.58067,1.580172
2012-02-24D11:45:00.000000000,1.58004,1.580128
2012-02-24D12:00:00.000000000,1.58,1.580085
2012-02-24D12:15:00.000000000,1.57999,1.580054
2012-02-24D12:30:00.000000000,1.57984,1.579982
2012-02-24D12:45:00.000000000,1.58053,1.580165
2012-02-24D13:00:00.000000000,1.58136,1.580563
2012-02-24D13:15:00.000000000,1.5817,1.580942
2012-02-24D13:30:00.000000000,1.58206,1.581315
2012-02-24D13:45:00.000000000,1.58293,1.581853
2012-02-24D14:00:00.000000000,1.58242,1.582042
2012-02-24D14:15:00.000000000,1.58341,1.582498
2012-02-24D14:30:00.000000000,1.5846,1.583199
2012-02-24D14:45:00.000000000,1.5855,1.583966
2012-02-24D15:00:00.000000000,1.58623,1.584721
2012-02-24D15:15:00.000000000,1.58691,1.58545
2012-02-24D15:30:00.000000000,1.58682,1.585907
2012-02-24D15:45:00.000000000,1.58561,1.585808
2012-02-24D16:00:00.000000000,1.58558,1.585732
2012-02-24D16:15:00.000000000,1.586,1.585821
2012-02-24D16:30:00.000000000,1.58644,1.586028
2012-02-24D16:45:00.000000000,1.58676,1.586272
2012-02-24D17:00:00.000000000,1.5864,1.586314
2012-02-24D17:15:00.000000000,1.58734,1.586656
2012-02-24D17:30:00.000000000,1.5875,1.586938
2012-02-24D17:45:00.000000000,1.587,1.586958
2012-02-24D18:00:00.000000000,1.58924,1.587719
2012-02-24D18:15:00.000000000,1.58865,1.588029
2012-02-24D18:30:00.000000000,1.58832,1.588126
2012-02-24D18:45:00.000000000,1.58813,1.588127
2012-02-24D19:00:00.000000000,1.58801,1.588088
2012-02-24D19:15:00.000000000,1.58725,1.587809
2012-02-24D19:30:00.000000000,1.58737,1.587663
2012-02-24D19:45:00.000000000,1.5886,1.587975
2012-02-24D20:00:00.000000000,1.58859,1.58818
2012-02-24D20:15:00.000000000,1.58843,1.588263
2012-02-24D20:30:00.000000000,1.58927,1.588599
2012-02-24D20:45:00.000000000,1.58984,1.589013
2012-02-24D21:00:00.000000000,1.58883,1.588952
2012-02-24D21:15:00.000000000,1.5884,1.588768
2012-02-24D21:30:00.000000000,1.58842,1.588652
2012-02-24D21:45:00.000000000,1.58875,1.588685
2012-02-26D22:00:00.000000000,1.58945,1.58894
2012-02-26D22:15:00.000000000,1.58972,1.5892
2012-02-26D22:30:00.000000000,1.58924,1.589213
2012-02-26D22:45:00.000000000,1.58925,1.589225
2012-02-26D23:00:00.000000000,1.58938,1.589277
2012-02-26D23:15:00.000000000,1.58841,1.588988
2012-02-26D23:30:00.000000000,1.58893,1.588969
2012-02-26D23:45:00.000000000,1.5882,1.588712
2012-02-27D00:00:00.000000000,1.58811,1.588512
2012-02-27D00:15:00.000000000,1.587,1.588008
2012-02-27D00:30:00.000000000,1.58756,1.587859
2012-02-27D00:45:00.000000000,1.58721,1.587642
2012-02-27D01:00:00.000000000,1.58679,1.587358
2012-02-27D01:15:00.000000000,1.58745,1.587389
2012-02-27D01:30:00.000000000,1.58766,1.587479
2012-02-27D01:45:00.000000000,1.58685,1.587269
2012-02-27D02:00:00.000000000,1.58732,1.587286
2012-02-27D02:15:00.000000000,1.58699,1.587188
2012-02-27D02:30:00.000000000,1.58667,1.587015
2012-02-27D02:45:00.000000000,1.5867,1.58691
2012-02-27D03:00:00.000000000,1.58676,1.58686
2012-02-27D03:15:00.000000000,1.58639,1.586703
2012-02-27D03:30:00.000000000,1.58636,1.586589
2012-02-27D03:45:00.000000000,1.58637,1.586516
2012-02-27D04:00:00.000000000,1.58705,1.586694
2012-02-27D04:15:00.000000000,1.58689,1.586759
2012-02-27D04:30:00.000000000,1.58675,1.586756
2012-02-27D04:45:00.000000000,1.58677,1.586761
2012-02-27D05:00:00.000000000,1.58647,1.586664
2012-02-27D05:15:00.000000000,1.58648,1.586603
2012-02-27D05:30:00.000000000,1.58624,1.586482
2012-02-27D05:45:00.000000000,1.58598,1.586314
2012-02-27D06:00:00.000000000,1.58587,1.586166
2012-02-27D06:15:00.000000000,1.58607,1.586134
2012-02-27D06:30:00.000000000,1.58597,1.586079
2012-02-27D06:45:00.000000000,1.58602,1.58606
2012-02-27D07:00:00.000000000,1.58564,1.58592
2012-02-27D07:15:00.000000000,1.58642,1.586087
2012-02-27D07:30:00.000000000,1.58612,1.586098
2012-02-27D07:45:00.000000000,1.58664,1.586278
2012-02-27D08:00:00.000000000,1.58615,1.586236
2012-02-27D08:15:00.000000000,1.58644,1.586304
2012-02-27D08:30:00.000000000,1.58712,1.586576
2012-02-27D08:45:00.000000000,1.5858,1.586317
2012-02-27D09:00:00.000000000,1.58592,1.586185
2012-02-27D09:15:00.000000000,1.58675,1.586373
2012-02-27D09:30:00.000000000,1.58565,1.586132
2012-02-27D09:45:00.000000000,1.58559,1.585951
2012-02-27D10:00:00.000000000,1.58565,1.585851
2012-02-27D10:15:00.000000000,1.58567,1.585791
2012-02-27D10:30:00.000000000,1.58586,1.585814
2012-02-27D10:45:00.000000000,1.58628,1.585969
2012-02-27D11:00:00.000000000,1.58734,1.586426
2012-02-27D11:15:00.000000000,1.58675,1.586534
2012-02-27D11:30:00.000000000,1.58723,1.586766
2012-02-27D11:45:00.000000000,1.58662,1.586717
2012-02-27D12:00:00.000000000,1.586,1.586478
2012-02-27D12:15:00.000000000,1.58375,1.585569
2012-02-27D12:30:00.000000000,1.5844,1.585179
2012-02-27D12:45:00.000000000,1.58387,1.584743
2012-02-27D13:00:00.000000000,1.58429,1.584592
2012-02-27D13:15:00.000000000,1.5849,1.584695
2012-02-27D13:30:00.000000000,1.5844,1.584596
2012-02-27D13:45:00.000000000,1.58476,1.584651
2012-02-27D14:00:00.000000000,1.58478,1.584694
2012-02-27D14:15:00.000000000,1.58336,1.584249
2012-02-27D14:30:00.000000000,1.58376,1.584086
2012-02-27D14:45:00.000000000,1.58458,1.584251
2012-02-27D15:00:00.000000000,1.58531,1.584604
2012-02-27D15:15:00.000000000,1.58528,1.584829
2012-02-27D15:30:00.000000000,1.58632,1.585326
2012-02-27D15:45:00.000000000,1.58398,1.584877
2012-02-27D16:00:00.000000000,1.58417,1.584642
2012-02-27D16:15:00.000000000,1.58365,1.584311
2012-02-27D16:30:00.000000000,1.58454,1.584387
2012-02-27D16:45:00.000000000,1.5844,1.584392
2012-02-27D17:00:00.000000000,1.58428,1.584354
2012-02-27D17:15:00.000000000,1.58348,1.584063
2012-02-27D17:30:00.000000000,1.58367,1.583932
2012-02-27D17:45:00.000000000,1.58429,1.584051
2012-02-27D18:00:00.000000000,1.58351,1.583871
2012-02-27D18:15:00.000000000,1.58299,1.583577
2012-02-27D18:30:00.000000000,1.58187,1.583008
2012-02-27D18:45:00.000000000,1.58174,1.582585
2012-02-27D19:00:00.000000000,1.58201,1.582394
2012-02-27D19:15:00.000000000,1.58204,1.582276
2012-02-27D19:30:00.000000000,1.58216,1.582237
2012-02-27D19:45:00.000000000,1.58189,1.582121
2012-02-27D20:00:00.000000000,1.58218,1.582141
2012-02-27D20:15:00.000000000,1.58202,1.582101
2012-02-27D20:30:00.000000000,1.58226,1.582154
2012-02-27D20:45:00.000000000,1.58184,1.582049
2012-02-27D21:00:00.000000000,1.58191,1.582003
2012-02-27D21:15:00.000000000,1.58173,1.581912
2012-02-27D21:30:00.000000000,1.58179,1.581871
2012-02-27D21:45:00.000000000,1.58228,1.582007
2012-02-27D22:00:00.000000000,1.58224,1.582085
2012-02-27D22:15:00.000000000,1.58188,1.582017
2012-02-27D22:30:00.000000000,1.58159,1.581874
2012-02-27D22:45:00.000000000,1.58195,1.5819
2012-02-27D23:00:00.000000000,1.58281,1.582203
2012-02-27D23:15:00.000000000,1.58311,1.582505
2012-02-27D23:30:00.000000000,1.58318,1.58273
2012-02-27D23:45:00.000000000,1.58298,1.582814
2012-02-28D00:00:00.000000000,1.58383,1.583152
2012-02-28D00:15:00.000000000,1.58344,1.583248
2012-02-28D00:30:00.000000000,1.58272,1.583072
2012-02-28D00:45:00.000000000,1.58262,1.582921
2012-02-28D01:00:00.000000000,1.58302,1.582954
2012-02-28D01:15:00.000000000,1.58282,1.58291
2012-02-28D01:30:00.000000000,1.58327,1.58303
2012-02-28D01:45:00.000000000,1.58365,1.583236
2012-02-28D02:00:00.000000000,1.58371,1.583394
2012-02-28D02:15:00.000000000,1.5836,1.583463
2012-02-28D02:30:00.000000000,1.58399,1.583639
2012-02-28D02:45:00.000000000,1.58308,1.583452
2012-02-28D03:00:00.000000000,1.58325,1.583385
2012-02-28D03:15:00.000000000,1.58324,1.583337
2012-02-28D03:30:00.000000000,1.58309,1.583254
2012-02-28D03:45:00.000000000,1.58376,1.583423
2012-02-28D04:00:00.000000000,1.58401,1.583619
2012-02-28D04:15:00.000000000,1.58411,1.583782
2012-02-28D04:30:00.000000000,1.58409,1.583885
2012-02-28D04:45:00.000000000,1.58419,1.583987
2012-02-28D05:00:00.000000000,1.58387,1.583948
2012-02-28D05:15:00.000000000,1.584,1.583965
2012-02-28D05:30:00.000000000,1.5843,1.584077
2012-02-28D05:45:00.000000000,1.58447,1.584208
2012-02-28D06:00:00.000000000,1.58433,1.584249
2012-02-28D06:15:00.000000000,1.58458,1.584359
2012-02-28D06:30:00.000000000,1.58431,1.584343
2012-02-28D06:45:00.000000000,1.58438,1.584355
2012-02-28D07:00:00.000000000,1.58447,1.584393
2012-02-28D07:15:00.000000000,1.58475,1.584512
2012-02-28D07:30:00.000000000,1.58539,1.584805
2012-02-28D07:45:00.000000000,1.5862,1.58527
2012-02-28D08:00:00.000000000,1.58639,1.585643
2012-02-28D08:15:00.000000000,1.58674,1.586009
2012-02-28D08:30:00.000000000,1.58591,1.585976
2012-02-28D08:45:00.000000000,1.58591,1.585954
2012-02-28D09:00:00.000000000,1.58529,1.585733
2012-02-28D09:15:00.000000000,1.58535,1.585605
2012-02-28D09:30:00.000000000,1.58633,1.585847
2012-02-28D09:45:00.000000000,1.5858,1.585831
2012-02-28D10:00:00.000000000,1.58478,1.585481
2012-02-28D10:15:00.000000000,1.58448,1.585147
2012-02-28D10:30:00.000000000,1.58479,1.585028
2012-02-28D10:45:00.000000000,1.58508,1.585045
2012-02-28D11:00:00.000000000,1.58461,1.5849
2012-02-28D11:15:00.000000000,1.58477,1.584857
2012-02-28D11:30:00.000000000,1.58424,1.584651
2012-02-28D11:45:00.000000000,1.58495,1.584751
2012-02-28D12:00:00.000000000,1.5847,1.584734
2012-02-28D12:15:00.000000000,1.58471,1.584726
2012-02-28D12:30:00.000000000,1.58405,1.584501
2012-02-28D12:45:00.000000000,1.58523,1.584744
2012-02-28D13:00:00.000000000,1.58655,1.585346
2012-02-28D13:15:00.000000000,1.58652,1.585737
2012-02-28D13:30:00.000000000,1.5852,1.585558
2012-02-28D13:45:00.000000000,1.58551,1.585542
2012-02-28D14:00:00.000000000,1.58591,1.585665
2012-02-28D14:15:00.000000000,1.58513,1.585486
2012-02-28D14:30:00.000000000,1.58223,1.584401
2012-02-28D14:45:00.000000000,1.58365,1.584151
2012-02-28D15:00:00.000000000,1.5807,1.583
2012-02-28D15:15:00.000000000,1.58168,1.58256
2012-02-28D15:30:00.000000000,1.58259,1.58257
2012-02-28D15:45:00.000000000,1.58367,1.582937
2012-02-28D16:00:00.000000000,1.5858,1.583891
2012-02-28D16:15:00.000000000,1.58998,1.585921
2012-02-28D16:30:00.000000000,1.58842,1.586754
2012-02-28D16:45:00.000000000,1.58852,1.587343
2012-02-28D17:00:00.000000000,1.58846,1.587715
2012-02-28D17:15:00.000000000,1.58788,1.58777
2012-02-28D17:30:00.000000000,1.58761,1.587717
2012-02-28D17:45:00.000000000,1.58804,1.587824
2012-02-28D18:00:00.000000000,1.58828,1.587976
2012-02-28D18:15:00.000000000,1.58833,1.588094
2012-02-28D18:30:00.000000000,1.58768,1.587956
2012-02-28D18:45:00.000000000,1.58756,1.587824
2012-02-28D19:00:00.000000000,1.58783,1.587826
2012-02-28D19:15:00.000000000,1.5877,1.587784
2012-02-28D19:30:00.000000000,1.58849,1.588019
2012-02-28D19:45:00.000000000,1.58893,1.588323
2012-02-28D20:00:00.000000000,1.58934,1.588662
2012-02-28D20:15:00.000000000,1.58914,1.588821
2012-02-28D20:30:00.000000000,1.58963,1.589091
2012-02-28D20:45:00.000000000,1.59067,1.589617
2012-02-29D21:00:00.000000000,1.59125,1.590161
2012-02-29D21:15:00.000000000,1.59181,1.590711
2012-02-29D21:30:00.000000000,1.5919,1.591107
2012-02-29D21:45:00.000000000,1.59161,1.591275
2012-02-29D22:00:00.000000000,1.59169,1.591413
2012-02-29D22:15:00.000000000,1.59199,1.591606
2012-02-29D22:30:00.000000000,1.59228,1.59183
2012-02-29D22:45:00.000000000,1.59201,1.59189
2012-02-29D23:00:00.000000000,1.59205,1.591943
2012-02-29D23:15:00.000000000,1.59213,1.592006
2012-02-29D23:30:00.000000000,1.59221,1.592074
2012-02-29D23:45:00.000000000,1.59201,1.592053
2012-03-01D00:00:00.000000000,1.59218,1.592095
